LOCATION,Country,SUBJECT,Subject,MEASURE,TIME,Period,Value
AUT,Austria,ETONC,Total employment,PERSA,2000-Q1,Q1-2000,3745.5
AUT,Austria,ETONC,Total employment,PERSA,2000-Q2,Q2-2000,3756.6
AUT,Austria,ETONC,Total employment,PERSA,2000-Q3,Q3-2000,3760.5
AUT,Austria,ETONC,Total employment,PERSA,2000-Q4,Q4-2000,3775.6
AUT,Austria,ETONC,Total employment,PERSA,2001-Q1,Q1-2001,3781.8
AUT,Austria,ETONC,Total employment,PERSA,2001-Q2,Q2-2001,3785.5
AUT,Austria,ETONC,Total employment,PERSA,2001-Q3,Q3-2001,3779.5
AUT,Austria,ETONC,Total employment,PERSA,2001-Q4,Q4-2001,3787.2
AUT,Austria,ETONC,Total employment,PERSA,2002-Q1,Q1-2002,3781
AUT,Austria,ETONC,Total employment,PERSA,2002-Q2,Q2-2002,3780.9
AUT,Austria,ETONC,Total employment,PERSA,2002-Q3,Q3-2002,3783
AUT,Austria,ETONC,Total employment,PERSA,2002-Q4,Q4-2002,3783.6
AUT,Austria,ETONC,Total employment,PERSA,2003-Q1,Q1-2003,3797.3
AUT,Austria,ETONC,Total employment,PERSA,2003-Q2,Q2-2003,3800.5
AUT,Austria,ETONC,Total employment,PERSA,2003-Q3,Q3-2003,3804.9
AUT,Austria,ETONC,Total employment,PERSA,2003-Q4,Q4-2003,3811.9
AUT,Austria,ETONC,Total employment,PERSA,2004-Q1,Q1-2004,3808
AUT,Austria,ETONC,Total employment,PERSA,2004-Q2,Q2-2004,3821.7
AUT,Austria,ETONC,Total employment,PERSA,2004-Q3,Q3-2004,3826.9
AUT,Austria,ETONC,Total employment,PERSA,2004-Q4,Q4-2004,3836
AUT,Austria,ETONC,Total employment,PERSA,2005-Q1,Q1-2005,3842.9
AUT,Austria,ETONC,Total employment,PERSA,2005-Q2,Q2-2005,3854.3
AUT,Austria,ETONC,Total employment,PERSA,2005-Q3,Q3-2005,3873.6
AUT,Austria,ETONC,Total employment,PERSA,2005-Q4,Q4-2005,3890.8
AUT,Austria,ETONC,Total employment,PERSA,2006-Q1,Q1-2006,3907.9
AUT,Austria,ETONC,Total employment,PERSA,2006-Q2,Q2-2006,3924.8
AUT,Austria,ETONC,Total employment,PERSA,2006-Q3,Q3-2006,3937.7
AUT,Austria,ETONC,Total employment,PERSA,2006-Q4,Q4-2006,3955.8
AUT,Austria,ETONC,Total employment,PERSA,2007-Q1,Q1-2007,3974.3
AUT,Austria,ETONC,Total employment,PERSA,2007-Q2,Q2-2007,3991.1
AUT,Austria,ETONC,Total employment,PERSA,2007-Q3,Q3-2007,4015.3
AUT,Austria,ETONC,Total employment,PERSA,2007-Q4,Q4-2007,4022.5
AUT,Austria,ETONC,Total employment,PERSA,2008-Q1,Q1-2008,4065.3
AUT,Austria,ETONC,Total employment,PERSA,2008-Q2,Q2-2008,4068.6
AUT,Austria,ETONC,Total employment,PERSA,2008-Q3,Q3-2008,4074.8
AUT,Austria,ETONC,Total employment,PERSA,2008-Q4,Q4-2008,4079.8
AUT,Austria,ETONC,Total employment,PERSA,2009-Q1,Q1-2009,4076.8
AUT,Austria,ETONC,Total employment,PERSA,2009-Q2,Q2-2009,4042.4
AUT,Austria,ETONC,Total employment,PERSA,2009-Q3,Q3-2009,4040.6
AUT,Austria,ETONC,Total employment,PERSA,2009-Q4,Q4-2009,4047.8
AUT,Austria,ETONC,Total employment,PERSA,2010-Q1,Q1-2010,4056.5
AUT,Austria,ETONC,Total employment,PERSA,2010-Q2,Q2-2010,4067.3
AUT,Austria,ETONC,Total employment,PERSA,2010-Q3,Q3-2010,4078.6
AUT,Austria,ETONC,Total employment,PERSA,2010-Q4,Q4-2010,4095.8
AUT,Austria,ETONC,Total employment,PERSA,2011-Q1,Q1-2011,4107.4
AUT,Austria,ETONC,Total employment,PERSA,2011-Q2,Q2-2011,4122.8
AUT,Austria,ETONC,Total employment,PERSA,2011-Q3,Q3-2011,4134.9
AUT,Austria,ETONC,Total employment,PERSA,2011-Q4,Q4-2011,4144.3
AUT,Austria,ETONC,Total employment,PERSA,2012-Q1,Q1-2012,4157.8
AUT,Austria,ETONC,Total employment,PERSA,2012-Q2,Q2-2012,4159.5
AUT,Austria,ETONC,Total employment,PERSA,2012-Q3,Q3-2012,4156.9
AUT,Austria,ETONC,Total employment,PERSA,2012-Q4,Q4-2012,4155
AUT,Austria,ETONC,Total employment,PERSA,2013-Q1,Q1-2013,4145.9
AUT,Austria,ETONC,Total employment,PERSA,2013-Q2,Q2-2013,4152.4
AUT,Austria,ETONC,Total employment,PERSA,2013-Q3,Q3-2013,4160.9
AUT,Austria,ETONC,Total employment,PERSA,2013-Q4,Q4-2013,4166
AUT,Austria,ETONC,Total employment,PERSA,2014-Q1,Q1-2014,4171.8
AUT,Austria,ETONC,Total employment,PERSA,2014-Q2,Q2-2014,4179
AUT,Austria,ETONC,Total employment,PERSA,2014-Q3,Q3-2014,4180.4
AUT,Austria,ETONC,Total employment,PERSA,2014-Q4,Q4-2014,4183
AUT,Austria,ETONC,Total employment,PERSA,2015-Q1,Q1-2015,4179.5
AUT,Austria,ETONC,Total employment,PERSA,2015-Q2,Q2-2015,4187.8
AUT,Austria,ETONC,Total employment,PERSA,2015-Q3,Q3-2015,4190.1
AUT,Austria,ETONC,Total employment,PERSA,2015-Q4,Q4-2015,4199.3
AUT,Austria,ETONC,Total employment,PERSA,2016-Q1,Q1-2016,4216.2
AUT,Austria,ETONC,Total employment,PERSA,2016-Q2,Q2-2016,4232.4
AUT,Austria,ETONC,Total employment,PERSA,2016-Q3,Q3-2016,4253.6
AUT,Austria,ETONC,Total employment,PERSA,2016-Q4,Q4-2016,4270.7
AUT,Austria,ETONC,Total employment,PERSA,2017-Q1,Q1-2017,4281.8
AUT,Austria,ETONC,Total employment,PERSA,2017-Q2,Q2-2017,4300.6
AUT,Austria,ETONC,Total employment,PERSA,2017-Q3,Q3-2017,4317.8
AUT,Austria,ETONC,Total employment,PERSA,2017-Q4,Q4-2017,4337.8
AUT,Austria,ETONC,Total employment,PERSA,2018-Q1,Q1-2018,4353.6
AUT,Austria,ETONC,Total employment,PERSA,2018-Q2,Q2-2018,4373.4
AUT,Austria,ETONC,Total employment,PERSA,2018-Q3,Q3-2018,4382.2
AUT,Austria,ETONC,Total employment,PERSA,2018-Q4,Q4-2018,4394
AUT,Austria,ETONC,Total employment,PERSA,2019-Q1,Q1-2019,4403.7
AUT,Austria,ETONC,Total employment,PERSA,2019-Q2,Q2-2019,4408.4
AUT,Austria,ETONC,Total employment,PERSA,2019-Q3,Q3-2019,4418.9
AUT,Austria,ETONC,Total employment,PERSA,2019-Q4,Q4-2019,4428.1
BEL,Belgium,ETONC,Total employment,PERSA,2000-Q1,Q1-2000,4141.4
BEL,Belgium,ETONC,Total employment,PERSA,2000-Q2,Q2-2000,4159.8
BEL,Belgium,ETONC,Total employment,PERSA,2000-Q3,Q3-2000,4184.6
BEL,Belgium,ETONC,Total employment,PERSA,2000-Q4,Q4-2000,4206.6
BEL,Belgium,ETONC,Total employment,PERSA,2001-Q1,Q1-2001,4220.6
BEL,Belgium,ETONC,Total employment,PERSA,2001-Q2,Q2-2001,4227.1
BEL,Belgium,ETONC,Total employment,PERSA,2001-Q3,Q3-2001,4239.3
BEL,Belgium,ETONC,Total employment,PERSA,2001-Q4,Q4-2001,4238.1
BEL,Belgium,ETONC,Total employment,PERSA,2002-Q1,Q1-2002,4241.7
BEL,Belgium,ETONC,Total employment,PERSA,2002-Q2,Q2-2002,4248.6
BEL,Belgium,ETONC,Total employment,PERSA,2002-Q3,Q3-2002,4240.3
BEL,Belgium,ETONC,Total employment,PERSA,2002-Q4,Q4-2002,4239.6
BEL,Belgium,ETONC,Total employment,PERSA,2003-Q1,Q1-2003,4220.6
BEL,Belgium,ETONC,Total employment,PERSA,2003-Q2,Q2-2003,4237.6
BEL,Belgium,ETONC,Total employment,PERSA,2003-Q3,Q3-2003,4246.1
BEL,Belgium,ETONC,Total employment,PERSA,2003-Q4,Q4-2003,4257
BEL,Belgium,ETONC,Total employment,PERSA,2004-Q1,Q1-2004,4265.1
BEL,Belgium,ETONC,Total employment,PERSA,2004-Q2,Q2-2004,4274.3
BEL,Belgium,ETONC,Total employment,PERSA,2004-Q3,Q3-2004,4290
BEL,Belgium,ETONC,Total employment,PERSA,2004-Q4,Q4-2004,4306.5
BEL,Belgium,ETONC,Total employment,PERSA,2005-Q1,Q1-2005,4331.5
BEL,Belgium,ETONC,Total employment,PERSA,2005-Q2,Q2-2005,4341.3
BEL,Belgium,ETONC,Total employment,PERSA,2005-Q3,Q3-2005,4351.8
BEL,Belgium,ETONC,Total employment,PERSA,2005-Q4,Q4-2005,4359
BEL,Belgium,ETONC,Total employment,PERSA,2006-Q1,Q1-2006,4368.7
BEL,Belgium,ETONC,Total employment,PERSA,2006-Q2,Q2-2006,4388.8
BEL,Belgium,ETONC,Total employment,PERSA,2006-Q3,Q3-2006,4405.8
BEL,Belgium,ETONC,Total employment,PERSA,2006-Q4,Q4-2006,4422.2
BEL,Belgium,ETONC,Total employment,PERSA,2007-Q1,Q1-2007,4438.4
BEL,Belgium,ETONC,Total employment,PERSA,2007-Q2,Q2-2007,4458.9
BEL,Belgium,ETONC,Total employment,PERSA,2007-Q3,Q3-2007,4479.1
BEL,Belgium,ETONC,Total employment,PERSA,2007-Q4,Q4-2007,4504.4
BEL,Belgium,ETONC,Total employment,PERSA,2008-Q1,Q1-2008,4526.3
BEL,Belgium,ETONC,Total employment,PERSA,2008-Q2,Q2-2008,4541.4
BEL,Belgium,ETONC,Total employment,PERSA,2008-Q3,Q3-2008,4561.4
BEL,Belgium,ETONC,Total employment,PERSA,2008-Q4,Q4-2008,4567.4
BEL,Belgium,ETONC,Total employment,PERSA,2009-Q1,Q1-2009,4551.4
BEL,Belgium,ETONC,Total employment,PERSA,2009-Q2,Q2-2009,4538.8
BEL,Belgium,ETONC,Total employment,PERSA,2009-Q3,Q3-2009,4535.6
BEL,Belgium,ETONC,Total employment,PERSA,2009-Q4,Q4-2009,4544.3
BEL,Belgium,ETONC,Total employment,PERSA,2010-Q1,Q1-2010,4550.7
BEL,Belgium,ETONC,Total employment,PERSA,2010-Q2,Q2-2010,4563.5
BEL,Belgium,ETONC,Total employment,PERSA,2010-Q3,Q3-2010,4581.6
BEL,Belgium,ETONC,Total employment,PERSA,2010-Q4,Q4-2010,4596.5
BEL,Belgium,ETONC,Total employment,PERSA,2011-Q1,Q1-2011,4615.8
BEL,Belgium,ETONC,Total employment,PERSA,2011-Q2,Q2-2011,4630.5
BEL,Belgium,ETONC,Total employment,PERSA,2011-Q3,Q3-2011,4640.6
BEL,Belgium,ETONC,Total employment,PERSA,2011-Q4,Q4-2011,4647.5
BEL,Belgium,ETONC,Total employment,PERSA,2012-Q1,Q1-2012,4651.7
BEL,Belgium,ETONC,Total employment,PERSA,2012-Q2,Q2-2012,4655.4
BEL,Belgium,ETONC,Total employment,PERSA,2012-Q3,Q3-2012,4654.4
BEL,Belgium,ETONC,Total employment,PERSA,2012-Q4,Q4-2012,4650.4
BEL,Belgium,ETONC,Total employment,PERSA,2013-Q1,Q1-2013,4642.2
BEL,Belgium,ETONC,Total employment,PERSA,2013-Q2,Q2-2013,4633
BEL,Belgium,ETONC,Total employment,PERSA,2013-Q3,Q3-2013,4637.9
BEL,Belgium,ETONC,Total employment,PERSA,2013-Q4,Q4-2013,4642.4
BEL,Belgium,ETONC,Total employment,PERSA,2014-Q1,Q1-2014,4644.7
BEL,Belgium,ETONC,Total employment,PERSA,2014-Q2,Q2-2014,4653.9
BEL,Belgium,ETONC,Total employment,PERSA,2014-Q3,Q3-2014,4659.6
BEL,Belgium,ETONC,Total employment,PERSA,2014-Q4,Q4-2014,4672.1
BEL,Belgium,ETONC,Total employment,PERSA,2015-Q1,Q1-2015,4678.8
BEL,Belgium,ETONC,Total employment,PERSA,2015-Q2,Q2-2015,4690.7
BEL,Belgium,ETONC,Total employment,PERSA,2015-Q3,Q3-2015,4705.3
BEL,Belgium,ETONC,Total employment,PERSA,2015-Q4,Q4-2015,4717.2
BEL,Belgium,ETONC,Total employment,PERSA,2016-Q1,Q1-2016,4729.7
BEL,Belgium,ETONC,Total employment,PERSA,2016-Q2,Q2-2016,4746
BEL,Belgium,ETONC,Total employment,PERSA,2016-Q3,Q3-2016,4767.8
BEL,Belgium,ETONC,Total employment,PERSA,2016-Q4,Q4-2016,4781.3
BEL,Belgium,ETONC,Total employment,PERSA,2017-Q1,Q1-2017,4797.7
BEL,Belgium,ETONC,Total employment,PERSA,2017-Q2,Q2-2017,4826
BEL,Belgium,ETONC,Total employment,PERSA,2017-Q3,Q3-2017,4839.9
BEL,Belgium,ETONC,Total employment,PERSA,2017-Q4,Q4-2017,4857.3
BEL,Belgium,ETONC,Total employment,PERSA,2018-Q1,Q1-2018,4875.7
BEL,Belgium,ETONC,Total employment,PERSA,2018-Q2,Q2-2018,4892.9
BEL,Belgium,ETONC,Total employment,PERSA,2018-Q3,Q3-2018,4908.2
BEL,Belgium,ETONC,Total employment,PERSA,2018-Q4,Q4-2018,4927
BEL,Belgium,ETONC,Total employment,PERSA,2019-Q1,Q1-2019,4953
BEL,Belgium,ETONC,Total employment,PERSA,2019-Q2,Q2-2019,4969.2
BEL,Belgium,ETONC,Total employment,PERSA,2019-Q3,Q3-2019,4986.1
BEL,Belgium,ETONC,Total employment,PERSA,2019-Q4,Q4-2019,5007
FIN,Finland,ETONC,Total employment,PERSA,2000-Q1,Q1-2000,2277.9
FIN,Finland,ETONC,Total employment,PERSA,2000-Q2,Q2-2000,2297.4
FIN,Finland,ETONC,Total employment,PERSA,2000-Q3,Q3-2000,2319.2
FIN,Finland,ETONC,Total employment,PERSA,2000-Q4,Q4-2000,2325.1
FIN,Finland,ETONC,Total employment,PERSA,2001-Q1,Q1-2001,2322.9
FIN,Finland,ETONC,Total employment,PERSA,2001-Q2,Q2-2001,2336
FIN,Finland,ETONC,Total employment,PERSA,2001-Q3,Q3-2001,2348.6
FIN,Finland,ETONC,Total employment,PERSA,2001-Q4,Q4-2001,2356.1
FIN,Finland,ETONC,Total employment,PERSA,2002-Q1,Q1-2002,2351.9
FIN,Finland,ETONC,Total employment,PERSA,2002-Q2,Q2-2002,2362.3
FIN,Finland,ETONC,Total employment,PERSA,2002-Q3,Q3-2002,2387.3
FIN,Finland,ETONC,Total employment,PERSA,2002-Q4,Q4-2002,2372.9
FIN,Finland,ETONC,Total employment,PERSA,2003-Q1,Q1-2003,2372
FIN,Finland,ETONC,Total employment,PERSA,2003-Q2,Q2-2003,2384.5
FIN,Finland,ETONC,Total employment,PERSA,2003-Q3,Q3-2003,2395.2
FIN,Finland,ETONC,Total employment,PERSA,2003-Q4,Q4-2003,2342.3
FIN,Finland,ETONC,Total employment,PERSA,2004-Q1,Q1-2004,2376.2
FIN,Finland,ETONC,Total employment,PERSA,2004-Q2,Q2-2004,2384.5
FIN,Finland,ETONC,Total employment,PERSA,2004-Q3,Q3-2004,2389.4
FIN,Finland,ETONC,Total employment,PERSA,2004-Q4,Q4-2004,2389.5
FIN,Finland,ETONC,Total employment,PERSA,2005-Q1,Q1-2005,2413.2
FIN,Finland,ETONC,Total employment,PERSA,2005-Q2,Q2-2005,2405.9
FIN,Finland,ETONC,Total employment,PERSA,2005-Q3,Q3-2005,2416.4
FIN,Finland,ETONC,Total employment,PERSA,2005-Q4,Q4-2005,2444.9
FIN,Finland,ETONC,Total employment,PERSA,2006-Q1,Q1-2006,2464.1
FIN,Finland,ETONC,Total employment,PERSA,2006-Q2,Q2-2006,2441.2
FIN,Finland,ETONC,Total employment,PERSA,2006-Q3,Q3-2006,2475.4
FIN,Finland,ETONC,Total employment,PERSA,2006-Q4,Q4-2006,2474.1
FIN,Finland,ETONC,Total employment,PERSA,2007-Q1,Q1-2007,2490.2
FIN,Finland,ETONC,Total employment,PERSA,2007-Q2,Q2-2007,2505.4
FIN,Finland,ETONC,Total employment,PERSA,2007-Q3,Q3-2007,2520.7
FIN,Finland,ETONC,Total employment,PERSA,2007-Q4,Q4-2007,2548.9
FIN,Finland,ETONC,Total employment,PERSA,2008-Q1,Q1-2008,2557.3
FIN,Finland,ETONC,Total employment,PERSA,2008-Q2,Q2-2008,2576.7
FIN,Finland,ETONC,Total employment,PERSA,2008-Q3,Q3-2008,2572.6
FIN,Finland,ETONC,Total employment,PERSA,2008-Q4,Q4-2008,2580.6
FIN,Finland,ETONC,Total employment,PERSA,2009-Q1,Q1-2009,2551.2
FIN,Finland,ETONC,Total employment,PERSA,2009-Q2,Q2-2009,2512.7
FIN,Finland,ETONC,Total employment,PERSA,2009-Q3,Q3-2009,2487.9
FIN,Finland,ETONC,Total employment,PERSA,2009-Q4,Q4-2009,2473.4
FIN,Finland,ETONC,Total employment,PERSA,2010-Q1,Q1-2010,2482.1
FIN,Finland,ETONC,Total employment,PERSA,2010-Q2,Q2-2010,2494.6
FIN,Finland,ETONC,Total employment,PERSA,2010-Q3,Q3-2010,2493.2
FIN,Finland,ETONC,Total employment,PERSA,2010-Q4,Q4-2010,2494.1
FIN,Finland,ETONC,Total employment,PERSA,2011-Q1,Q1-2011,2506.7
FIN,Finland,ETONC,Total employment,PERSA,2011-Q2,Q2-2011,2537.2
FIN,Finland,ETONC,Total employment,PERSA,2011-Q3,Q3-2011,2534.1
FIN,Finland,ETONC,Total employment,PERSA,2011-Q4,Q4-2011,2542
FIN,Finland,ETONC,Total employment,PERSA,2012-Q1,Q1-2012,2547.9
FIN,Finland,ETONC,Total employment,PERSA,2012-Q2,Q2-2012,2556.7
FIN,Finland,ETONC,Total employment,PERSA,2012-Q3,Q3-2012,2555.8
FIN,Finland,ETONC,Total employment,PERSA,2012-Q4,Q4-2012,2546
FIN,Finland,ETONC,Total employment,PERSA,2013-Q1,Q1-2013,2535.2
FIN,Finland,ETONC,Total employment,PERSA,2013-Q2,Q2-2013,2546.1
FIN,Finland,ETONC,Total employment,PERSA,2013-Q3,Q3-2013,2523.4
FIN,Finland,ETONC,Total employment,PERSA,2013-Q4,Q4-2013,2522.9
FIN,Finland,ETONC,Total employment,PERSA,2014-Q1,Q1-2014,2516
FIN,Finland,ETONC,Total employment,PERSA,2014-Q2,Q2-2014,2533.4
FIN,Finland,ETONC,Total employment,PERSA,2014-Q3,Q3-2014,2524.2
FIN,Finland,ETONC,Total employment,PERSA,2014-Q4,Q4-2014,2516
FIN,Finland,ETONC,Total employment,PERSA,2015-Q1,Q1-2015,2516.6
FIN,Finland,ETONC,Total employment,PERSA,2015-Q2,Q2-2015,2510.6
FIN,Finland,ETONC,Total employment,PERSA,2015-Q3,Q3-2015,2532.4
FIN,Finland,ETONC,Total employment,PERSA,2015-Q4,Q4-2015,2520
FIN,Finland,ETONC,Total employment,PERSA,2016-Q1,Q1-2016,2529.9
FIN,Finland,ETONC,Total employment,PERSA,2016-Q2,Q2-2016,2528.6
FIN,Finland,ETONC,Total employment,PERSA,2016-Q3,Q3-2016,2537.7
FIN,Finland,ETONC,Total employment,PERSA,2016-Q4,Q4-2016,2533.8
FIN,Finland,ETONC,Total employment,PERSA,2017-Q1,Q1-2017,2542.4
FIN,Finland,ETONC,Total employment,PERSA,2017-Q2,Q2-2017,2550.1
FIN,Finland,ETONC,Total employment,PERSA,2017-Q3,Q3-2017,2552.5
FIN,Finland,ETONC,Total employment,PERSA,2017-Q4,Q4-2017,2591.4
FIN,Finland,ETONC,Total employment,PERSA,2018-Q1,Q1-2018,2593.8
FIN,Finland,ETONC,Total employment,PERSA,2018-Q2,Q2-2018,2620.1
FIN,Finland,ETONC,Total employment,PERSA,2018-Q3,Q3-2018,2626.7
FIN,Finland,ETONC,Total employment,PERSA,2018-Q4,Q4-2018,2648.6
FIN,Finland,ETONC,Total employment,PERSA,2019-Q1,Q1-2019,2658.7
FIN,Finland,ETONC,Total employment,PERSA,2019-Q2,Q2-2019,2676.2
FIN,Finland,ETONC,Total employment,PERSA,2019-Q3,Q3-2019,2681.4
FIN,Finland,ETONC,Total employment,PERSA,2019-Q4,Q4-2019,2665.7
FRA,France,ETONC,Total employment,PERSA,2000-Q1,Q1-2000,25641.1
FRA,France,ETONC,Total employment,PERSA,2000-Q2,Q2-2000,25816.9
FRA,France,ETONC,Total employment,PERSA,2000-Q3,Q3-2000,25997.5
FRA,France,ETONC,Total employment,PERSA,2000-Q4,Q4-2000,26110.1
FRA,France,ETONC,Total employment,PERSA,2001-Q1,Q1-2001,26184.9
FRA,France,ETONC,Total employment,PERSA,2001-Q2,Q2-2001,26253.9
FRA,France,ETONC,Total employment,PERSA,2001-Q3,Q3-2001,26295.8
FRA,France,ETONC,Total employment,PERSA,2001-Q4,Q4-2001,26325.9
FRA,France,ETONC,Total employment,PERSA,2002-Q1,Q1-2002,26362.1
FRA,France,ETONC,Total employment,PERSA,2002-Q2,Q2-2002,26393.6
FRA,France,ETONC,Total employment,PERSA,2002-Q3,Q3-2002,26410.8
FRA,France,ETONC,Total employment,PERSA,2002-Q4,Q4-2002,26426.3
FRA,France,ETONC,Total employment,PERSA,2003-Q1,Q1-2003,26422.6
FRA,France,ETONC,Total employment,PERSA,2003-Q2,Q2-2003,26411
FRA,France,ETONC,Total employment,PERSA,2003-Q3,Q3-2003,26401.6
FRA,France,ETONC,Total employment,PERSA,2003-Q4,Q4-2003,26411.1
FRA,France,ETONC,Total employment,PERSA,2004-Q1,Q1-2004,26421.5
FRA,France,ETONC,Total employment,PERSA,2004-Q2,Q2-2004,26434.7
FRA,France,ETONC,Total employment,PERSA,2004-Q3,Q3-2004,26459.6
FRA,France,ETONC,Total employment,PERSA,2004-Q4,Q4-2004,26500.2
FRA,France,ETONC,Total employment,PERSA,2005-Q1,Q1-2005,26556.4
FRA,France,ETONC,Total employment,PERSA,2005-Q2,Q2-2005,26608.8
FRA,France,ETONC,Total employment,PERSA,2005-Q3,Q3-2005,26664
FRA,France,ETONC,Total employment,PERSA,2005-Q4,Q4-2005,26731.1
FRA,France,ETONC,Total employment,PERSA,2006-Q1,Q1-2006,26794.3
FRA,France,ETONC,Total employment,PERSA,2006-Q2,Q2-2006,26879.3
FRA,France,ETONC,Total employment,PERSA,2006-Q3,Q3-2006,26991.1
FRA,France,ETONC,Total employment,PERSA,2006-Q4,Q4-2006,27079.6
FRA,France,ETONC,Total employment,PERSA,2007-Q1,Q1-2007,27199.1
FRA,France,ETONC,Total employment,PERSA,2007-Q2,Q2-2007,27308.9
FRA,France,ETONC,Total employment,PERSA,2007-Q3,Q3-2007,27379.2
FRA,France,ETONC,Total employment,PERSA,2007-Q4,Q4-2007,27446.5
FRA,France,ETONC,Total employment,PERSA,2008-Q1,Q1-2008,27508.9
FRA,France,ETONC,Total employment,PERSA,2008-Q2,Q2-2008,27520.2
FRA,France,ETONC,Total employment,PERSA,2008-Q3,Q3-2008,27481
FRA,France,ETONC,Total employment,PERSA,2008-Q4,Q4-2008,27410.1
FRA,France,ETONC,Total employment,PERSA,2009-Q1,Q1-2009,27279.3
FRA,France,ETONC,Total employment,PERSA,2009-Q2,Q2-2009,27173.2
FRA,France,ETONC,Total employment,PERSA,2009-Q3,Q3-2009,27130.1
FRA,France,ETONC,Total employment,PERSA,2009-Q4,Q4-2009,27135.5
FRA,France,ETONC,Total employment,PERSA,2010-Q1,Q1-2010,27158
FRA,France,ETONC,Total employment,PERSA,2010-Q2,Q2-2010,27184.9
FRA,France,ETONC,Total employment,PERSA,2010-Q3,Q3-2010,27230.9
FRA,France,ETONC,Total employment,PERSA,2010-Q4,Q4-2010,27285.7
FRA,France,ETONC,Total employment,PERSA,2011-Q1,Q1-2011,27340.1
FRA,France,ETONC,Total employment,PERSA,2011-Q2,Q2-2011,27414.3
FRA,France,ETONC,Total employment,PERSA,2011-Q3,Q3-2011,27456.6
FRA,France,ETONC,Total employment,PERSA,2011-Q4,Q4-2011,27486.9
FRA,France,ETONC,Total employment,PERSA,2012-Q1,Q1-2012,27514.8
FRA,France,ETONC,Total employment,PERSA,2012-Q2,Q2-2012,27526.8
FRA,France,ETONC,Total employment,PERSA,2012-Q3,Q3-2012,27530.5
FRA,France,ETONC,Total employment,PERSA,2012-Q4,Q4-2012,27528.9
FRA,France,ETONC,Total employment,PERSA,2013-Q1,Q1-2013,27543.9
FRA,France,ETONC,Total employment,PERSA,2013-Q2,Q2-2013,27553.2
FRA,France,ETONC,Total employment,PERSA,2013-Q3,Q3-2013,27584.8
FRA,France,ETONC,Total employment,PERSA,2013-Q4,Q4-2013,27663.3
FRA,France,ETONC,Total employment,PERSA,2014-Q1,Q1-2014,27721.2
FRA,France,ETONC,Total employment,PERSA,2014-Q2,Q2-2014,27747.5
FRA,France,ETONC,Total employment,PERSA,2014-Q3,Q3-2014,27748.4
FRA,France,ETONC,Total employment,PERSA,2014-Q4,Q4-2014,27749
FRA,France,ETONC,Total employment,PERSA,2015-Q1,Q1-2015,27757.6
FRA,France,ETONC,Total employment,PERSA,2015-Q2,Q2-2015,27784.4
FRA,France,ETONC,Total employment,PERSA,2015-Q3,Q3-2015,27829.2
FRA,France,ETONC,Total employment,PERSA,2015-Q4,Q4-2015,27861.4
FRA,France,ETONC,Total employment,PERSA,2016-Q1,Q1-2016,27901.1
FRA,France,ETONC,Total employment,PERSA,2016-Q2,Q2-2016,27955.8
FRA,France,ETONC,Total employment,PERSA,2016-Q3,Q3-2016,28033.1
FRA,France,ETONC,Total employment,PERSA,2016-Q4,Q4-2016,28094
FRA,France,ETONC,Total employment,PERSA,2017-Q1,Q1-2017,28173.2
FRA,France,ETONC,Total employment,PERSA,2017-Q2,Q2-2017,28295.3
FRA,France,ETONC,Total employment,PERSA,2017-Q3,Q3-2017,28378.7
FRA,France,ETONC,Total employment,PERSA,2017-Q4,Q4-2017,28453.8
FRA,France,ETONC,Total employment,PERSA,2018-Q1,Q1-2018,28545.3
FRA,France,ETONC,Total employment,PERSA,2018-Q2,Q2-2018,28596.8
FRA,France,ETONC,Total employment,PERSA,2018-Q3,Q3-2018,28620.8
FRA,France,ETONC,Total employment,PERSA,2018-Q4,Q4-2018,28681.7
FRA,France,ETONC,Total employment,PERSA,2019-Q1,Q1-2019,28808.7
FRA,France,ETONC,Total employment,PERSA,2019-Q2,Q2-2019,28915.5
FRA,France,ETONC,Total employment,PERSA,2019-Q3,Q3-2019,29004.1
FRA,France,ETONC,Total employment,PERSA,2019-Q4,Q4-2019,29096.8
DEU,Germany,ETONC,Total employment,PERSA,2000-Q1,Q1-2000,39715
DEU,Germany,ETONC,Total employment,PERSA,2000-Q2,Q2-2000,39853
DEU,Germany,ETONC,Total employment,PERSA,2000-Q3,Q3-2000,39898
DEU,Germany,ETONC,Total employment,PERSA,2000-Q4,Q4-2000,39917
DEU,Germany,ETONC,Total employment,PERSA,2001-Q1,Q1-2001,39759
DEU,Germany,ETONC,Total employment,PERSA,2001-Q2,Q2-2001,39746
DEU,Germany,ETONC,Total employment,PERSA,2001-Q3,Q3-2001,39676
DEU,Germany,ETONC,Total employment,PERSA,2001-Q4,Q4-2001,39689
DEU,Germany,ETONC,Total employment,PERSA,2002-Q1,Q1-2002,39703
DEU,Germany,ETONC,Total employment,PERSA,2002-Q2,Q2-2002,39602
DEU,Germany,ETONC,Total employment,PERSA,2002-Q3,Q3-2002,39477
DEU,Germany,ETONC,Total employment,PERSA,2002-Q4,Q4-2002,39355
DEU,Germany,ETONC,Total employment,PERSA,2003-Q1,Q1-2003,39226
DEU,Germany,ETONC,Total employment,PERSA,2003-Q2,Q2-2003,39044
DEU,Germany,ETONC,Total employment,PERSA,2003-Q3,Q3-2003,39082
DEU,Germany,ETONC,Total employment,PERSA,2003-Q4,Q4-2003,39090
DEU,Germany,ETONC,Total employment,PERSA,2004-Q1,Q1-2004,39202
DEU,Germany,ETONC,Total employment,PERSA,2004-Q2,Q2-2004,39277
DEU,Germany,ETONC,Total employment,PERSA,2004-Q3,Q3-2004,39255
DEU,Germany,ETONC,Total employment,PERSA,2004-Q4,Q4-2004,39237
DEU,Germany,ETONC,Total employment,PERSA,2005-Q1,Q1-2005,39141
DEU,Germany,ETONC,Total employment,PERSA,2005-Q2,Q2-2005,39122
DEU,Germany,ETONC,Total employment,PERSA,2005-Q3,Q3-2005,39210
DEU,Germany,ETONC,Total employment,PERSA,2005-Q4,Q4-2005,39347
DEU,Germany,ETONC,Total employment,PERSA,2006-Q1,Q1-2006,39195
DEU,Germany,ETONC,Total employment,PERSA,2006-Q2,Q2-2006,39430
DEU,Germany,ETONC,Total employment,PERSA,2006-Q3,Q3-2006,39654
DEU,Germany,ETONC,Total employment,PERSA,2006-Q4,Q4-2006,39795
DEU,Germany,ETONC,Total employment,PERSA,2007-Q1,Q1-2007,39990
DEU,Germany,ETONC,Total employment,PERSA,2007-Q2,Q2-2007,40154
DEU,Germany,ETONC,Total employment,PERSA,2007-Q3,Q3-2007,40262
DEU,Germany,ETONC,Total employment,PERSA,2007-Q4,Q4-2007,40421
DEU,Germany,ETONC,Total employment,PERSA,2008-Q1,Q1-2008,40655
DEU,Germany,ETONC,Total employment,PERSA,2008-Q2,Q2-2008,40738
DEU,Germany,ETONC,Total employment,PERSA,2008-Q3,Q3-2008,40850
DEU,Germany,ETONC,Total employment,PERSA,2008-Q4,Q4-2008,40945
DEU,Germany,ETONC,Total employment,PERSA,2009-Q1,Q1-2009,40965
DEU,Germany,ETONC,Total employment,PERSA,2009-Q2,Q2-2009,40859
DEU,Germany,ETONC,Total employment,PERSA,2009-Q3,Q3-2009,40800
DEU,Germany,ETONC,Total employment,PERSA,2009-Q4,Q4-2009,40816
DEU,Germany,ETONC,Total employment,PERSA,2010-Q1,Q1-2010,40815
DEU,Germany,ETONC,Total employment,PERSA,2010-Q2,Q2-2010,40962
DEU,Germany,ETONC,Total employment,PERSA,2010-Q3,Q3-2010,41071
DEU,Germany,ETONC,Total employment,PERSA,2010-Q4,Q4-2010,41195
DEU,Germany,ETONC,Total employment,PERSA,2011-Q1,Q1-2011,41311
DEU,Germany,ETONC,Total employment,PERSA,2011-Q2,Q2-2011,41446
DEU,Germany,ETONC,Total employment,PERSA,2011-Q3,Q3-2011,41566
DEU,Germany,ETONC,Total employment,PERSA,2011-Q4,Q4-2011,41678
DEU,Germany,ETONC,Total employment,PERSA,2012-Q1,Q1-2012,41812
DEU,Germany,ETONC,Total employment,PERSA,2012-Q2,Q2-2012,41910
DEU,Germany,ETONC,Total employment,PERSA,2012-Q3,Q3-2012,42011
DEU,Germany,ETONC,Total employment,PERSA,2012-Q4,Q4-2012,42127
DEU,Germany,ETONC,Total employment,PERSA,2013-Q1,Q1-2013,42183
DEU,Germany,ETONC,Total employment,PERSA,2013-Q2,Q2-2013,42226
DEU,Germany,ETONC,Total employment,PERSA,2013-Q3,Q3-2013,42325
DEU,Germany,ETONC,Total employment,PERSA,2013-Q4,Q4-2013,42414
DEU,Germany,ETONC,Total employment,PERSA,2014-Q1,Q1-2014,42547
DEU,Germany,ETONC,Total employment,PERSA,2014-Q2,Q2-2014,42633
DEU,Germany,ETONC,Total employment,PERSA,2014-Q3,Q3-2014,42693
DEU,Germany,ETONC,Total employment,PERSA,2014-Q4,Q4-2014,42737
DEU,Germany,ETONC,Total employment,PERSA,2015-Q1,Q1-2015,42825
DEU,Germany,ETONC,Total employment,PERSA,2015-Q2,Q2-2015,42978
DEU,Germany,ETONC,Total employment,PERSA,2015-Q3,Q3-2015,43113
DEU,Germany,ETONC,Total employment,PERSA,2015-Q4,Q4-2015,43239
DEU,Germany,ETONC,Total employment,PERSA,2016-Q1,Q1-2016,43345
DEU,Germany,ETONC,Total employment,PERSA,2016-Q2,Q2-2016,43493
DEU,Germany,ETONC,Total employment,PERSA,2016-Q3,Q3-2016,43621
DEU,Germany,ETONC,Total employment,PERSA,2016-Q4,Q4-2016,43785
DEU,Germany,ETONC,Total employment,PERSA,2017-Q1,Q1-2017,43906
DEU,Germany,ETONC,Total employment,PERSA,2017-Q2,Q2-2017,44059
DEU,Germany,ETONC,Total employment,PERSA,2017-Q3,Q3-2017,44212
DEU,Germany,ETONC,Total employment,PERSA,2017-Q4,Q4-2017,44350
DEU,Germany,ETONC,Total employment,PERSA,2018-Q1,Q1-2018,44539
DEU,Germany,ETONC,Total employment,PERSA,2018-Q2,Q2-2018,44679
DEU,Germany,ETONC,Total employment,PERSA,2018-Q3,Q3-2018,44792
DEU,Germany,ETONC,Total employment,PERSA,2018-Q4,Q4-2018,44900
DEU,Germany,ETONC,Total employment,PERSA,2019-Q1,Q1-2019,45037
DEU,Germany,ETONC,Total employment,PERSA,2019-Q2,Q2-2019,45134
DEU,Germany,ETONC,Total employment,PERSA,2019-Q3,Q3-2019,45152
DEU,Germany,ETONC,Total employment,PERSA,2019-Q4,Q4-2019,45208
IRL,Ireland,ETONC,Total employment,PERSA,2000-Q1,Q1-2000,1736.4
IRL,Ireland,ETONC,Total employment,PERSA,2000-Q2,Q2-2000,1766
IRL,Ireland,ETONC,Total employment,PERSA,2000-Q3,Q3-2000,1786.3
IRL,Ireland,ETONC,Total employment,PERSA,2000-Q4,Q4-2000,1798.6
IRL,Ireland,ETONC,Total employment,PERSA,2001-Q1,Q1-2001,1794.7
IRL,Ireland,ETONC,Total employment,PERSA,2001-Q2,Q2-2001,1817.2
IRL,Ireland,ETONC,Total employment,PERSA,2001-Q3,Q3-2001,1834.8
IRL,Ireland,ETONC,Total employment,PERSA,2001-Q4,Q4-2001,1841.5
IRL,Ireland,ETONC,Total employment,PERSA,2002-Q1,Q1-2002,1841
IRL,Ireland,ETONC,Total employment,PERSA,2002-Q2,Q2-2002,1847.3
IRL,Ireland,ETONC,Total employment,PERSA,2002-Q3,Q3-2002,1853.9
IRL,Ireland,ETONC,Total employment,PERSA,2002-Q4,Q4-2002,1856.8
IRL,Ireland,ETONC,Total employment,PERSA,2003-Q1,Q1-2003,1871.4
IRL,Ireland,ETONC,Total employment,PERSA,2003-Q2,Q2-2003,1880.4
IRL,Ireland,ETONC,Total employment,PERSA,2003-Q3,Q3-2003,1886.1
IRL,Ireland,ETONC,Total employment,PERSA,2003-Q4,Q4-2003,1903.9
IRL,Ireland,ETONC,Total employment,PERSA,2004-Q1,Q1-2004,1917
IRL,Ireland,ETONC,Total employment,PERSA,2004-Q2,Q2-2004,1932.2
IRL,Ireland,ETONC,Total employment,PERSA,2004-Q3,Q3-2004,1959.8
IRL,Ireland,ETONC,Total employment,PERSA,2004-Q4,Q4-2004,1977.6
IRL,Ireland,ETONC,Total employment,PERSA,2005-Q1,Q1-2005,2002.8
IRL,Ireland,ETONC,Total employment,PERSA,2005-Q2,Q2-2005,2024.4
IRL,Ireland,ETONC,Total employment,PERSA,2005-Q3,Q3-2005,2051.4
IRL,Ireland,ETONC,Total employment,PERSA,2005-Q4,Q4-2005,2073.2
IRL,Ireland,ETONC,Total employment,PERSA,2006-Q1,Q1-2006,2094.5
IRL,Ireland,ETONC,Total employment,PERSA,2006-Q2,Q2-2006,2113.8
IRL,Ireland,ETONC,Total employment,PERSA,2006-Q3,Q3-2006,2139
IRL,Ireland,ETONC,Total employment,PERSA,2006-Q4,Q4-2006,2171
IRL,Ireland,ETONC,Total employment,PERSA,2007-Q1,Q1-2007,2197
IRL,Ireland,ETONC,Total employment,PERSA,2007-Q2,Q2-2007,2214.8
IRL,Ireland,ETONC,Total employment,PERSA,2007-Q3,Q3-2007,2233.4
IRL,Ireland,ETONC,Total employment,PERSA,2007-Q4,Q4-2007,2235.8
IRL,Ireland,ETONC,Total employment,PERSA,2008-Q1,Q1-2008,2229.7
IRL,Ireland,ETONC,Total employment,PERSA,2008-Q2,Q2-2008,2218.6
IRL,Ireland,ETONC,Total employment,PERSA,2008-Q3,Q3-2008,2194.9
IRL,Ireland,ETONC,Total employment,PERSA,2008-Q4,Q4-2008,2151
IRL,Ireland,ETONC,Total employment,PERSA,2009-Q1,Q1-2009,2066.2
IRL,Ireland,ETONC,Total employment,PERSA,2009-Q2,Q2-2009,2028.9
IRL,Ireland,ETONC,Total employment,PERSA,2009-Q3,Q3-2009,1995.4
IRL,Ireland,ETONC,Total employment,PERSA,2009-Q4,Q4-2009,1974.3
IRL,Ireland,ETONC,Total employment,PERSA,2010-Q1,Q1-2010,1947.6
IRL,Ireland,ETONC,Total employment,PERSA,2010-Q2,Q2-2010,1937.9
IRL,Ireland,ETONC,Total employment,PERSA,2010-Q3,Q3-2010,1920.8
IRL,Ireland,ETONC,Total employment,PERSA,2010-Q4,Q4-2010,1898.7
IRL,Ireland,ETONC,Total employment,PERSA,2011-Q1,Q1-2011,1893.4
IRL,Ireland,ETONC,Total employment,PERSA,2011-Q2,Q2-2011,1903.5
IRL,Ireland,ETONC,Total employment,PERSA,2011-Q3,Q3-2011,1876.6
IRL,Ireland,ETONC,Total employment,PERSA,2011-Q4,Q4-2011,1887.1
IRL,Ireland,ETONC,Total employment,PERSA,2012-Q1,Q1-2012,1879.6
IRL,Ireland,ETONC,Total employment,PERSA,2012-Q2,Q2-2012,1882.6
IRL,Ireland,ETONC,Total employment,PERSA,2012-Q3,Q3-2012,1878.4
IRL,Ireland,ETONC,Total employment,PERSA,2012-Q4,Q4-2012,1891.8
IRL,Ireland,ETONC,Total employment,PERSA,2013-Q1,Q1-2013,1912.2
IRL,Ireland,ETONC,Total employment,PERSA,2013-Q2,Q2-2013,1931.8
IRL,Ireland,ETONC,Total employment,PERSA,2013-Q3,Q3-2013,1952.1
IRL,Ireland,ETONC,Total employment,PERSA,2013-Q4,Q4-2013,1967
IRL,Ireland,ETONC,Total employment,PERSA,2014-Q1,Q1-2014,1970.2
IRL,Ireland,ETONC,Total employment,PERSA,2014-Q2,Q2-2014,1976.1
IRL,Ireland,ETONC,Total employment,PERSA,2014-Q3,Q3-2014,1999.3
IRL,Ireland,ETONC,Total employment,PERSA,2014-Q4,Q4-2014,2020.9
IRL,Ireland,ETONC,Total employment,PERSA,2015-Q1,Q1-2015,2031.2
IRL,Ireland,ETONC,Total employment,PERSA,2015-Q2,Q2-2015,2054.5
IRL,Ireland,ETONC,Total employment,PERSA,2015-Q3,Q3-2015,2068.9
IRL,Ireland,ETONC,Total employment,PERSA,2015-Q4,Q4-2015,2079.2
IRL,Ireland,ETONC,Total employment,PERSA,2016-Q1,Q1-2016,2097.6
IRL,Ireland,ETONC,Total employment,PERSA,2016-Q2,Q2-2016,2130.3
IRL,Ireland,ETONC,Total employment,PERSA,2016-Q3,Q3-2016,2149.7
IRL,Ireland,ETONC,Total employment,PERSA,2016-Q4,Q4-2016,2158.3
IRL,Ireland,ETONC,Total employment,PERSA,2017-Q1,Q1-2017,2173.7
IRL,Ireland,ETONC,Total employment,PERSA,2017-Q2,Q2-2017,2184.8
IRL,Ireland,ETONC,Total employment,PERSA,2017-Q3,Q3-2017,2196.5
IRL,Ireland,ETONC,Total employment,PERSA,2017-Q4,Q4-2017,2221.2
IRL,Ireland,ETONC,Total employment,PERSA,2018-Q1,Q1-2018,2230.8
IRL,Ireland,ETONC,Total employment,PERSA,2018-Q2,Q2-2018,2257.9
IRL,Ireland,ETONC,Total employment,PERSA,2018-Q3,Q3-2018,2260.9
IRL,Ireland,ETONC,Total employment,PERSA,2018-Q4,Q4-2018,2270
IRL,Ireland,ETONC,Total employment,PERSA,2019-Q1,Q1-2019,2313.6
IRL,Ireland,ETONC,Total employment,PERSA,2019-Q2,Q2-2019,2309.3
IRL,Ireland,ETONC,Total employment,PERSA,2019-Q3,Q3-2019,2313.8
IRL,Ireland,ETONC,Total employment,PERSA,2019-Q4,Q4-2019,2346.8
ITA,Italy,ETONC,Total employment,PERSA,2000-Q1,Q1-2000,22335.4
ITA,Italy,ETONC,Total employment,PERSA,2000-Q2,Q2-2000,22506.1
ITA,Italy,ETONC,Total employment,PERSA,2000-Q3,Q3-2000,22635.6
ITA,Italy,ETONC,Total employment,PERSA,2000-Q4,Q4-2000,22770.9
ITA,Italy,ETONC,Total employment,PERSA,2001-Q1,Q1-2001,22778.6
ITA,Italy,ETONC,Total employment,PERSA,2001-Q2,Q2-2001,22757.6
ITA,Italy,ETONC,Total employment,PERSA,2001-Q3,Q3-2001,22967.1
ITA,Italy,ETONC,Total employment,PERSA,2001-Q4,Q4-2001,23076.7
ITA,Italy,ETONC,Total employment,PERSA,2002-Q1,Q1-2002,23361.9
ITA,Italy,ETONC,Total employment,PERSA,2002-Q2,Q2-2002,23383.6
ITA,Italy,ETONC,Total employment,PERSA,2002-Q3,Q3-2002,23636
ITA,Italy,ETONC,Total employment,PERSA,2002-Q4,Q4-2002,23782.6
ITA,Italy,ETONC,Total employment,PERSA,2003-Q1,Q1-2003,23942.7
ITA,Italy,ETONC,Total employment,PERSA,2003-Q2,Q2-2003,24169.1
ITA,Italy,ETONC,Total employment,PERSA,2003-Q3,Q3-2003,24205.3
ITA,Italy,ETONC,Total employment,PERSA,2003-Q4,Q4-2003,24322.9
ITA,Italy,ETONC,Total employment,PERSA,2004-Q1,Q1-2004,24185.4
ITA,Italy,ETONC,Total employment,PERSA,2004-Q2,Q2-2004,24187
ITA,Italy,ETONC,Total employment,PERSA,2004-Q3,Q3-2004,24290.7
ITA,Italy,ETONC,Total employment,PERSA,2004-Q4,Q4-2004,24332.9
ITA,Italy,ETONC,Total employment,PERSA,2005-Q1,Q1-2005,24346.7
ITA,Italy,ETONC,Total employment,PERSA,2005-Q2,Q2-2005,24364.5
ITA,Italy,ETONC,Total employment,PERSA,2005-Q3,Q3-2005,24199.4
ITA,Italy,ETONC,Total employment,PERSA,2005-Q4,Q4-2005,24309.4
ITA,Italy,ETONC,Total employment,PERSA,2006-Q1,Q1-2006,24594.3
ITA,Italy,ETONC,Total employment,PERSA,2006-Q2,Q2-2006,24754.5
ITA,Italy,ETONC,Total employment,PERSA,2006-Q3,Q3-2006,24659.3
ITA,Italy,ETONC,Total employment,PERSA,2006-Q4,Q4-2006,24791.9
ITA,Italy,ETONC,Total employment,PERSA,2007-Q1,Q1-2007,24774.7
ITA,Italy,ETONC,Total employment,PERSA,2007-Q2,Q2-2007,24959.9
ITA,Italy,ETONC,Total employment,PERSA,2007-Q3,Q3-2007,25061.9
ITA,Italy,ETONC,Total employment,PERSA,2007-Q4,Q4-2007,25127.5
ITA,Italy,ETONC,Total employment,PERSA,2008-Q1,Q1-2008,25114.4
ITA,Italy,ETONC,Total employment,PERSA,2008-Q2,Q2-2008,25088.4
ITA,Italy,ETONC,Total employment,PERSA,2008-Q3,Q3-2008,25037.1
ITA,Italy,ETONC,Total employment,PERSA,2008-Q4,Q4-2008,24868
ITA,Italy,ETONC,Total employment,PERSA,2009-Q1,Q1-2009,24729.1
ITA,Italy,ETONC,Total employment,PERSA,2009-Q2,Q2-2009,24568.8
ITA,Italy,ETONC,Total employment,PERSA,2009-Q3,Q3-2009,24569.5
ITA,Italy,ETONC,Total employment,PERSA,2009-Q4,Q4-2009,24472.7
ITA,Italy,ETONC,Total employment,PERSA,2010-Q1,Q1-2010,24501.4
ITA,Italy,ETONC,Total employment,PERSA,2010-Q2,Q2-2010,24379.6
ITA,Italy,ETONC,Total employment,PERSA,2010-Q3,Q3-2010,24347.8
ITA,Italy,ETONC,Total employment,PERSA,2010-Q4,Q4-2010,24467.2
ITA,Italy,ETONC,Total employment,PERSA,2011-Q1,Q1-2011,24532.5
ITA,Italy,ETONC,Total employment,PERSA,2011-Q2,Q2-2011,24511.9
ITA,Italy,ETONC,Total employment,PERSA,2011-Q3,Q3-2011,24447.6
ITA,Italy,ETONC,Total employment,PERSA,2011-Q4,Q4-2011,24368
ITA,Italy,ETONC,Total employment,PERSA,2012-Q1,Q1-2012,24351.1
ITA,Italy,ETONC,Total employment,PERSA,2012-Q2,Q2-2012,24406.2
ITA,Italy,ETONC,Total employment,PERSA,2012-Q3,Q3-2012,24300.4
ITA,Italy,ETONC,Total employment,PERSA,2012-Q4,Q4-2012,24186.3
ITA,Italy,ETONC,Total employment,PERSA,2013-Q1,Q1-2013,24024.3
ITA,Italy,ETONC,Total employment,PERSA,2013-Q2,Q2-2013,23936.9
ITA,Italy,ETONC,Total employment,PERSA,2013-Q3,Q3-2013,23870.9
ITA,Italy,ETONC,Total employment,PERSA,2013-Q4,Q4-2013,23867.8
ITA,Italy,ETONC,Total employment,PERSA,2014-Q1,Q1-2014,23854.6
ITA,Italy,ETONC,Total employment,PERSA,2014-Q2,Q2-2014,23828.6
ITA,Italy,ETONC,Total employment,PERSA,2014-Q3,Q3-2014,23886.6
ITA,Italy,ETONC,Total employment,PERSA,2014-Q4,Q4-2014,23918.2
ITA,Italy,ETONC,Total employment,PERSA,2015-Q1,Q1-2015,23919.6
ITA,Italy,ETONC,Total employment,PERSA,2015-Q2,Q2-2015,23905.9
ITA,Italy,ETONC,Total employment,PERSA,2015-Q3,Q3-2015,24099.7
ITA,Italy,ETONC,Total employment,PERSA,2015-Q4,Q4-2015,24182.8
ITA,Italy,ETONC,Total employment,PERSA,2016-Q1,Q1-2016,24275.8
ITA,Italy,ETONC,Total employment,PERSA,2016-Q2,Q2-2016,24423.9
ITA,Italy,ETONC,Total employment,PERSA,2016-Q3,Q3-2016,24388.1
ITA,Italy,ETONC,Total employment,PERSA,2016-Q4,Q4-2016,24488.1
ITA,Italy,ETONC,Total employment,PERSA,2017-Q1,Q1-2017,24585.1
ITA,Italy,ETONC,Total employment,PERSA,2017-Q2,Q2-2017,24568.8
ITA,Italy,ETONC,Total employment,PERSA,2017-Q3,Q3-2017,24668.7
ITA,Italy,ETONC,Total employment,PERSA,2017-Q4,Q4-2017,24645.3
ITA,Italy,ETONC,Total employment,PERSA,2018-Q1,Q1-2018,24721.2
ITA,Italy,ETONC,Total employment,PERSA,2018-Q2,Q2-2018,24873.3
ITA,Italy,ETONC,Total employment,PERSA,2018-Q3,Q3-2018,24820.1
ITA,Italy,ETONC,Total employment,PERSA,2018-Q4,Q4-2018,24781.4
ITA,Italy,ETONC,Total employment,PERSA,2019-Q1,Q1-2019,24856.3
ITA,Italy,ETONC,Total employment,PERSA,2019-Q2,Q2-2019,24967.8
ITA,Italy,ETONC,Total employment,PERSA,2019-Q3,Q3-2019,24967.3
ITA,Italy,ETONC,Total employment,PERSA,2019-Q4,Q4-2019,24880.6
LUX,Luxembourg,ETONC,Total employment,PERSA,2000-Q1,Q1-2000,183.2
LUX,Luxembourg,ETONC,Total employment,PERSA,2000-Q2,Q2-2000,184
LUX,Luxembourg,ETONC,Total employment,PERSA,2000-Q3,Q3-2000,185.1
LUX,Luxembourg,ETONC,Total employment,PERSA,2000-Q4,Q4-2000,186.7
LUX,Luxembourg,ETONC,Total employment,PERSA,2001-Q1,Q1-2001,189.1
LUX,Luxembourg,ETONC,Total employment,PERSA,2001-Q2,Q2-2001,189.5
LUX,Luxembourg,ETONC,Total employment,PERSA,2001-Q3,Q3-2001,190.5
LUX,Luxembourg,ETONC,Total employment,PERSA,2001-Q4,Q4-2001,191.3
LUX,Luxembourg,ETONC,Total employment,PERSA,2002-Q1,Q1-2002,192.3
LUX,Luxembourg,ETONC,Total employment,PERSA,2002-Q2,Q2-2002,192.3
LUX,Luxembourg,ETONC,Total employment,PERSA,2002-Q3,Q3-2002,192.6
LUX,Luxembourg,ETONC,Total employment,PERSA,2002-Q4,Q4-2002,193.2
LUX,Luxembourg,ETONC,Total employment,PERSA,2003-Q1,Q1-2003,194.3
LUX,Luxembourg,ETONC,Total employment,PERSA,2003-Q2,Q2-2003,194.4
LUX,Luxembourg,ETONC,Total employment,PERSA,2003-Q3,Q3-2003,195.3
LUX,Luxembourg,ETONC,Total employment,PERSA,2003-Q4,Q4-2003,196
LUX,Luxembourg,ETONC,Total employment,PERSA,2004-Q1,Q1-2004,196.5
LUX,Luxembourg,ETONC,Total employment,PERSA,2004-Q2,Q2-2004,197.1
LUX,Luxembourg,ETONC,Total employment,PERSA,2004-Q3,Q3-2004,196.5
LUX,Luxembourg,ETONC,Total employment,PERSA,2004-Q4,Q4-2004,196.3
LUX,Luxembourg,ETONC,Total employment,PERSA,2005-Q1,Q1-2005,196.5
LUX,Luxembourg,ETONC,Total employment,PERSA,2005-Q2,Q2-2005,197.4
LUX,Luxembourg,ETONC,Total employment,PERSA,2005-Q3,Q3-2005,198.3
LUX,Luxembourg,ETONC,Total employment,PERSA,2005-Q4,Q4-2005,199.3
LUX,Luxembourg,ETONC,Total employment,PERSA,2006-Q1,Q1-2006,200.5
LUX,Luxembourg,ETONC,Total employment,PERSA,2006-Q2,Q2-2006,201.3
LUX,Luxembourg,ETONC,Total employment,PERSA,2006-Q3,Q3-2006,202
LUX,Luxembourg,ETONC,Total employment,PERSA,2006-Q4,Q4-2006,202.9
LUX,Luxembourg,ETONC,Total employment,PERSA,2007-Q1,Q1-2007,204.1
LUX,Luxembourg,ETONC,Total employment,PERSA,2007-Q2,Q2-2007,205.4
LUX,Luxembourg,ETONC,Total employment,PERSA,2007-Q3,Q3-2007,207
LUX,Luxembourg,ETONC,Total employment,PERSA,2007-Q4,Q4-2007,208.6
LUX,Luxembourg,ETONC,Total employment,PERSA,2008-Q1,Q1-2008,210.2
LUX,Luxembourg,ETONC,Total employment,PERSA,2008-Q2,Q2-2008,211.7
LUX,Luxembourg,ETONC,Total employment,PERSA,2008-Q3,Q3-2008,212.9
LUX,Luxembourg,ETONC,Total employment,PERSA,2008-Q4,Q4-2008,213.9
LUX,Luxembourg,ETONC,Total employment,PERSA,2009-Q1,Q1-2009,213.7
LUX,Luxembourg,ETONC,Total employment,PERSA,2009-Q2,Q2-2009,213.9
LUX,Luxembourg,ETONC,Total employment,PERSA,2009-Q3,Q3-2009,214.4
LUX,Luxembourg,ETONC,Total employment,PERSA,2009-Q4,Q4-2009,215.7
LUX,Luxembourg,ETONC,Total employment,PERSA,2010-Q1,Q1-2010,216.3
LUX,Luxembourg,ETONC,Total employment,PERSA,2010-Q2,Q2-2010,217.2
LUX,Luxembourg,ETONC,Total employment,PERSA,2010-Q3,Q3-2010,218.4
LUX,Luxembourg,ETONC,Total employment,PERSA,2010-Q4,Q4-2010,219.5
LUX,Luxembourg,ETONC,Total employment,PERSA,2011-Q1,Q1-2011,221.3
LUX,Luxembourg,ETONC,Total employment,PERSA,2011-Q2,Q2-2011,223.2
LUX,Luxembourg,ETONC,Total employment,PERSA,2011-Q3,Q3-2011,224.5
LUX,Luxembourg,ETONC,Total employment,PERSA,2011-Q4,Q4-2011,225.8
LUX,Luxembourg,ETONC,Total employment,PERSA,2012-Q1,Q1-2012,227.3
LUX,Luxembourg,ETONC,Total employment,PERSA,2012-Q2,Q2-2012,228.6
LUX,Luxembourg,ETONC,Total employment,PERSA,2012-Q3,Q3-2012,229.8
LUX,Luxembourg,ETONC,Total employment,PERSA,2012-Q4,Q4-2012,231.2
LUX,Luxembourg,ETONC,Total employment,PERSA,2013-Q1,Q1-2013,231.8
LUX,Luxembourg,ETONC,Total employment,PERSA,2013-Q2,Q2-2013,233
LUX,Luxembourg,ETONC,Total employment,PERSA,2013-Q3,Q3-2013,234.5
LUX,Luxembourg,ETONC,Total employment,PERSA,2013-Q4,Q4-2013,235.6
LUX,Luxembourg,ETONC,Total employment,PERSA,2014-Q1,Q1-2014,237
LUX,Luxembourg,ETONC,Total employment,PERSA,2014-Q2,Q2-2014,238.4
LUX,Luxembourg,ETONC,Total employment,PERSA,2014-Q3,Q3-2014,239.6
LUX,Luxembourg,ETONC,Total employment,PERSA,2014-Q4,Q4-2014,240.7
LUX,Luxembourg,ETONC,Total employment,PERSA,2015-Q1,Q1-2015,242.1
LUX,Luxembourg,ETONC,Total employment,PERSA,2015-Q2,Q2-2015,243.2
LUX,Luxembourg,ETONC,Total employment,PERSA,2015-Q3,Q3-2015,244.5
LUX,Luxembourg,ETONC,Total employment,PERSA,2015-Q4,Q4-2015,245.9
LUX,Luxembourg,ETONC,Total employment,PERSA,2016-Q1,Q1-2016,247
LUX,Luxembourg,ETONC,Total employment,PERSA,2016-Q2,Q2-2016,248.5
LUX,Luxembourg,ETONC,Total employment,PERSA,2016-Q3,Q3-2016,250.5
LUX,Luxembourg,ETONC,Total employment,PERSA,2016-Q4,Q4-2016,252.2
LUX,Luxembourg,ETONC,Total employment,PERSA,2017-Q1,Q1-2017,254.2
LUX,Luxembourg,ETONC,Total employment,PERSA,2017-Q2,Q2-2017,256.2
LUX,Luxembourg,ETONC,Total employment,PERSA,2017-Q3,Q3-2017,258
LUX,Luxembourg,ETONC,Total employment,PERSA,2017-Q4,Q4-2017,260.2
LUX,Luxembourg,ETONC,Total employment,PERSA,2018-Q1,Q1-2018,262.2
LUX,Luxembourg,ETONC,Total employment,PERSA,2018-Q2,Q2-2018,263.5
LUX,Luxembourg,ETONC,Total employment,PERSA,2018-Q3,Q3-2018,265.1
LUX,Luxembourg,ETONC,Total employment,PERSA,2018-Q4,Q4-2018,267
LUX,Luxembourg,ETONC,Total employment,PERSA,2019-Q1,Q1-2019,269
LUX,Luxembourg,ETONC,Total employment,PERSA,2019-Q2,Q2-2019,270.8
LUX,Luxembourg,ETONC,Total employment,PERSA,2019-Q3,Q3-2019,272.4
LUX,Luxembourg,ETONC,Total employment,PERSA,2019-Q4,Q4-2019,274.3
NLD,Netherlands,ETONC,Total employment,PERSA,2000-Q1,Q1-2000,8114
NLD,Netherlands,ETONC,Total employment,PERSA,2000-Q2,Q2-2000,8162
NLD,Netherlands,ETONC,Total employment,PERSA,2000-Q3,Q3-2000,8210
NLD,Netherlands,ETONC,Total employment,PERSA,2000-Q4,Q4-2000,8250
NLD,Netherlands,ETONC,Total employment,PERSA,2001-Q1,Q1-2001,8293
NLD,Netherlands,ETONC,Total employment,PERSA,2001-Q2,Q2-2001,8325
NLD,Netherlands,ETONC,Total employment,PERSA,2001-Q3,Q3-2001,8358
NLD,Netherlands,ETONC,Total employment,PERSA,2001-Q4,Q4-2001,8375
NLD,Netherlands,ETONC,Total employment,PERSA,2002-Q1,Q1-2002,8380
NLD,Netherlands,ETONC,Total employment,PERSA,2002-Q2,Q2-2002,8385
NLD,Netherlands,ETONC,Total employment,PERSA,2002-Q3,Q3-2002,8390
NLD,Netherlands,ETONC,Total employment,PERSA,2002-Q4,Q4-2002,8393
NLD,Netherlands,ETONC,Total employment,PERSA,2003-Q1,Q1-2003,8364
NLD,Netherlands,ETONC,Total employment,PERSA,2003-Q2,Q2-2003,8333
NLD,Netherlands,ETONC,Total employment,PERSA,2003-Q3,Q3-2003,8308
NLD,Netherlands,ETONC,Total employment,PERSA,2003-Q4,Q4-2003,8304
NLD,Netherlands,ETONC,Total employment,PERSA,2004-Q1,Q1-2004,8224
NLD,Netherlands,ETONC,Total employment,PERSA,2004-Q2,Q2-2004,8226
NLD,Netherlands,ETONC,Total employment,PERSA,2004-Q3,Q3-2004,8236
NLD,Netherlands,ETONC,Total employment,PERSA,2004-Q4,Q4-2004,8229
NLD,Netherlands,ETONC,Total employment,PERSA,2005-Q1,Q1-2005,8250
NLD,Netherlands,ETONC,Total employment,PERSA,2005-Q2,Q2-2005,8269
NLD,Netherlands,ETONC,Total employment,PERSA,2005-Q3,Q3-2005,8288
NLD,Netherlands,ETONC,Total employment,PERSA,2005-Q4,Q4-2005,8305
NLD,Netherlands,ETONC,Total employment,PERSA,2006-Q1,Q1-2006,8382
NLD,Netherlands,ETONC,Total employment,PERSA,2006-Q2,Q2-2006,8404
NLD,Netherlands,ETONC,Total employment,PERSA,2006-Q3,Q3-2006,8458
NLD,Netherlands,ETONC,Total employment,PERSA,2006-Q4,Q4-2006,8557
NLD,Netherlands,ETONC,Total employment,PERSA,2007-Q1,Q1-2007,8574
NLD,Netherlands,ETONC,Total employment,PERSA,2007-Q2,Q2-2007,8639
NLD,Netherlands,ETONC,Total employment,PERSA,2007-Q3,Q3-2007,8687
NLD,Netherlands,ETONC,Total employment,PERSA,2007-Q4,Q4-2007,8720
NLD,Netherlands,ETONC,Total employment,PERSA,2008-Q1,Q1-2008,8756
NLD,Netherlands,ETONC,Total employment,PERSA,2008-Q2,Q2-2008,8773
NLD,Netherlands,ETONC,Total employment,PERSA,2008-Q3,Q3-2008,8783
NLD,Netherlands,ETONC,Total employment,PERSA,2008-Q4,Q4-2008,8778
NLD,Netherlands,ETONC,Total employment,PERSA,2009-Q1,Q1-2009,8766
NLD,Netherlands,ETONC,Total employment,PERSA,2009-Q2,Q2-2009,8710
NLD,Netherlands,ETONC,Total employment,PERSA,2009-Q3,Q3-2009,8678
NLD,Netherlands,ETONC,Total employment,PERSA,2009-Q4,Q4-2009,8678
NLD,Netherlands,ETONC,Total employment,PERSA,2010-Q1,Q1-2010,8622
NLD,Netherlands,ETONC,Total employment,PERSA,2010-Q2,Q2-2010,8645
NLD,Netherlands,ETONC,Total employment,PERSA,2010-Q3,Q3-2010,8657
NLD,Netherlands,ETONC,Total employment,PERSA,2010-Q4,Q4-2010,8673
NLD,Netherlands,ETONC,Total employment,PERSA,2011-Q1,Q1-2011,8691
NLD,Netherlands,ETONC,Total employment,PERSA,2011-Q2,Q2-2011,8714
NLD,Netherlands,ETONC,Total employment,PERSA,2011-Q3,Q3-2011,8724
NLD,Netherlands,ETONC,Total employment,PERSA,2011-Q4,Q4-2011,8724
NLD,Netherlands,ETONC,Total employment,PERSA,2012-Q1,Q1-2012,8727
NLD,Netherlands,ETONC,Total employment,PERSA,2012-Q2,Q2-2012,8713
NLD,Netherlands,ETONC,Total employment,PERSA,2012-Q3,Q3-2012,8687
NLD,Netherlands,ETONC,Total employment,PERSA,2012-Q4,Q4-2012,8660
NLD,Netherlands,ETONC,Total employment,PERSA,2013-Q1,Q1-2013,8623
NLD,Netherlands,ETONC,Total employment,PERSA,2013-Q2,Q2-2013,8604
NLD,Netherlands,ETONC,Total employment,PERSA,2013-Q3,Q3-2013,8597
NLD,Netherlands,ETONC,Total employment,PERSA,2013-Q4,Q4-2013,8591
NLD,Netherlands,ETONC,Total employment,PERSA,2014-Q1,Q1-2014,8578
NLD,Netherlands,ETONC,Total employment,PERSA,2014-Q2,Q2-2014,8591
NLD,Netherlands,ETONC,Total employment,PERSA,2014-Q3,Q3-2014,8600
NLD,Netherlands,ETONC,Total employment,PERSA,2014-Q4,Q4-2014,8614
NLD,Netherlands,ETONC,Total employment,PERSA,2015-Q1,Q1-2015,8635
NLD,Netherlands,ETONC,Total employment,PERSA,2015-Q2,Q2-2015,8660
NLD,Netherlands,ETONC,Total employment,PERSA,2015-Q3,Q3-2015,8690
NLD,Netherlands,ETONC,Total employment,PERSA,2015-Q4,Q4-2015,8726
NLD,Netherlands,ETONC,Total employment,PERSA,2016-Q1,Q1-2016,8735
NLD,Netherlands,ETONC,Total employment,PERSA,2016-Q2,Q2-2016,8782
NLD,Netherlands,ETONC,Total employment,PERSA,2016-Q3,Q3-2016,8825
NLD,Netherlands,ETONC,Total employment,PERSA,2016-Q4,Q4-2016,8874
NLD,Netherlands,ETONC,Total employment,PERSA,2017-Q1,Q1-2017,8920
NLD,Netherlands,ETONC,Total employment,PERSA,2017-Q2,Q2-2017,8975
NLD,Netherlands,ETONC,Total employment,PERSA,2017-Q3,Q3-2017,9038
NLD,Netherlands,ETONC,Total employment,PERSA,2017-Q4,Q4-2017,9098
NLD,Netherlands,ETONC,Total employment,PERSA,2018-Q1,Q1-2018,9163
NLD,Netherlands,ETONC,Total employment,PERSA,2018-Q2,Q2-2018,9219
NLD,Netherlands,ETONC,Total employment,PERSA,2018-Q3,Q3-2018,9270
NLD,Netherlands,ETONC,Total employment,PERSA,2018-Q4,Q4-2018,9318
NLD,Netherlands,ETONC,Total employment,PERSA,2019-Q1,Q1-2019,9374
NLD,Netherlands,ETONC,Total employment,PERSA,2019-Q2,Q2-2019,9403
NLD,Netherlands,ETONC,Total employment,PERSA,2019-Q3,Q3-2019,9433
NLD,Netherlands,ETONC,Total employment,PERSA,2019-Q4,Q4-2019,9470
PRT,Portugal,ETONC,Total employment,PERSA,2000-Q1,Q1-2000,5011.7
PRT,Portugal,ETONC,Total employment,PERSA,2000-Q2,Q2-2000,5037.4
PRT,Portugal,ETONC,Total employment,PERSA,2000-Q3,Q3-2000,5076.7
PRT,Portugal,ETONC,Total employment,PERSA,2000-Q4,Q4-2000,5103.3
PRT,Portugal,ETONC,Total employment,PERSA,2001-Q1,Q1-2001,5127.1
PRT,Portugal,ETONC,Total employment,PERSA,2001-Q2,Q2-2001,5132.7
PRT,Portugal,ETONC,Total employment,PERSA,2001-Q3,Q3-2001,5146.2
PRT,Portugal,ETONC,Total employment,PERSA,2001-Q4,Q4-2001,5170.9
PRT,Portugal,ETONC,Total employment,PERSA,2002-Q1,Q1-2002,5169.8
PRT,Portugal,ETONC,Total employment,PERSA,2002-Q2,Q2-2002,5180.3
PRT,Portugal,ETONC,Total employment,PERSA,2002-Q3,Q3-2002,5178.2
PRT,Portugal,ETONC,Total employment,PERSA,2002-Q4,Q4-2002,5111.2
PRT,Portugal,ETONC,Total employment,PERSA,2003-Q1,Q1-2003,5120.6
PRT,Portugal,ETONC,Total employment,PERSA,2003-Q2,Q2-2003,5109.7
PRT,Portugal,ETONC,Total employment,PERSA,2003-Q3,Q3-2003,5111
PRT,Portugal,ETONC,Total employment,PERSA,2003-Q4,Q4-2003,5096.6
PRT,Portugal,ETONC,Total employment,PERSA,2004-Q1,Q1-2004,5088.8
PRT,Portugal,ETONC,Total employment,PERSA,2004-Q2,Q2-2004,5078.3
PRT,Portugal,ETONC,Total employment,PERSA,2004-Q3,Q3-2004,5068.9
PRT,Portugal,ETONC,Total employment,PERSA,2004-Q4,Q4-2004,5077.3
PRT,Portugal,ETONC,Total employment,PERSA,2005-Q1,Q1-2005,5058.9
PRT,Portugal,ETONC,Total employment,PERSA,2005-Q2,Q2-2005,5066.8
PRT,Portugal,ETONC,Total employment,PERSA,2005-Q3,Q3-2005,5060.5
PRT,Portugal,ETONC,Total employment,PERSA,2005-Q4,Q4-2005,5067
PRT,Portugal,ETONC,Total employment,PERSA,2006-Q1,Q1-2006,5084.7
PRT,Portugal,ETONC,Total employment,PERSA,2006-Q2,Q2-2006,5107.3
PRT,Portugal,ETONC,Total employment,PERSA,2006-Q3,Q3-2006,5112.8
PRT,Portugal,ETONC,Total employment,PERSA,2006-Q4,Q4-2006,5075.1
PRT,Portugal,ETONC,Total employment,PERSA,2007-Q1,Q1-2007,5090.9
PRT,Portugal,ETONC,Total employment,PERSA,2007-Q2,Q2-2007,5083.9
PRT,Portugal,ETONC,Total employment,PERSA,2007-Q3,Q3-2007,5134.3
PRT,Portugal,ETONC,Total employment,PERSA,2007-Q4,Q4-2007,5124.7
PRT,Portugal,ETONC,Total employment,PERSA,2008-Q1,Q1-2008,5144.1
PRT,Portugal,ETONC,Total employment,PERSA,2008-Q2,Q2-2008,5150.9
PRT,Portugal,ETONC,Total employment,PERSA,2008-Q3,Q3-2008,5129.5
PRT,Portugal,ETONC,Total employment,PERSA,2008-Q4,Q4-2008,5105.4
PRT,Portugal,ETONC,Total employment,PERSA,2009-Q1,Q1-2009,5050.2
PRT,Portugal,ETONC,Total employment,PERSA,2009-Q2,Q2-2009,4993.7
PRT,Portugal,ETONC,Total employment,PERSA,2009-Q3,Q3-2009,4946.6
PRT,Portugal,ETONC,Total employment,PERSA,2009-Q4,Q4-2009,4947.2
PRT,Portugal,ETONC,Total employment,PERSA,2010-Q1,Q1-2010,4968.6
PRT,Portugal,ETONC,Total employment,PERSA,2010-Q2,Q2-2010,4911.3
PRT,Portugal,ETONC,Total employment,PERSA,2010-Q3,Q3-2010,4898.5
PRT,Portugal,ETONC,Total employment,PERSA,2010-Q4,Q4-2010,4877.9
PRT,Portugal,ETONC,Total employment,PERSA,2011-Q1,Q1-2011,4863.9
PRT,Portugal,ETONC,Total employment,PERSA,2011-Q2,Q2-2011,4843.3
PRT,Portugal,ETONC,Total employment,PERSA,2011-Q3,Q3-2011,4815.9
PRT,Portugal,ETONC,Total employment,PERSA,2011-Q4,Q4-2011,4685.8
PRT,Portugal,ETONC,Total employment,PERSA,2012-Q1,Q1-2012,4685.2
PRT,Portugal,ETONC,Total employment,PERSA,2012-Q2,Q2-2012,4653.4
PRT,Portugal,ETONC,Total employment,PERSA,2012-Q3,Q3-2012,4614.5
PRT,Portugal,ETONC,Total employment,PERSA,2012-Q4,Q4-2012,4481.2
PRT,Portugal,ETONC,Total employment,PERSA,2013-Q1,Q1-2013,4453.8
PRT,Portugal,ETONC,Total employment,PERSA,2013-Q2,Q2-2013,4463
PRT,Portugal,ETONC,Total employment,PERSA,2013-Q3,Q3-2013,4507.8
PRT,Portugal,ETONC,Total employment,PERSA,2013-Q4,Q4-2013,4514.4
PRT,Portugal,ETONC,Total employment,PERSA,2014-Q1,Q1-2014,4518
PRT,Portugal,ETONC,Total employment,PERSA,2014-Q2,Q2-2014,4543.9
PRT,Portugal,ETONC,Total employment,PERSA,2014-Q3,Q3-2014,4597.2
PRT,Portugal,ETONC,Total employment,PERSA,2014-Q4,Q4-2014,4543.1
PRT,Portugal,ETONC,Total employment,PERSA,2015-Q1,Q1-2015,4583.2
PRT,Portugal,ETONC,Total employment,PERSA,2015-Q2,Q2-2015,4618.6
PRT,Portugal,ETONC,Total employment,PERSA,2015-Q3,Q3-2015,4601.4
PRT,Portugal,ETONC,Total employment,PERSA,2015-Q4,Q4-2015,4616.2
PRT,Portugal,ETONC,Total employment,PERSA,2016-Q1,Q1-2016,4623.4
PRT,Portugal,ETONC,Total employment,PERSA,2016-Q2,Q2-2016,4645.3
PRT,Portugal,ETONC,Total employment,PERSA,2016-Q3,Q3-2016,4698.2
PRT,Portugal,ETONC,Total employment,PERSA,2016-Q4,Q4-2016,4724.6
PRT,Portugal,ETONC,Total employment,PERSA,2017-Q1,Q1-2017,4772.5
PRT,Portugal,ETONC,Total employment,PERSA,2017-Q2,Q2-2017,4821.9
PRT,Portugal,ETONC,Total employment,PERSA,2017-Q3,Q3-2017,4843.4
PRT,Portugal,ETONC,Total employment,PERSA,2017-Q4,Q4-2017,4879.5
PRT,Portugal,ETONC,Total employment,PERSA,2018-Q1,Q1-2018,4919.8
PRT,Portugal,ETONC,Total employment,PERSA,2018-Q2,Q2-2018,4929.4
PRT,Portugal,ETONC,Total employment,PERSA,2018-Q3,Q3-2018,4945.6
PRT,Portugal,ETONC,Total employment,PERSA,2018-Q4,Q4-2018,4965.4
PRT,Portugal,ETONC,Total employment,PERSA,2019-Q1,Q1-2019,4994.5
PRT,Portugal,ETONC,Total employment,PERSA,2019-Q2,Q2-2019,4968.7
PRT,Portugal,ETONC,Total employment,PERSA,2019-Q3,Q3-2019,4985.8
PRT,Portugal,ETONC,Total employment,PERSA,2019-Q4,Q4-2019,4971
SVK,Slovak Republic,ETONC,Total employment,PERSA,2000-Q1,Q1-2000,2104.2
SVK,Slovak Republic,ETONC,Total employment,PERSA,2000-Q2,Q2-2000,2091.8
SVK,Slovak Republic,ETONC,Total employment,PERSA,2000-Q3,Q3-2000,2099.8
SVK,Slovak Republic,ETONC,Total employment,PERSA,2000-Q4,Q4-2000,2110.9
SVK,Slovak Republic,ETONC,Total employment,PERSA,2001-Q1,Q1-2001,2114.7
SVK,Slovak Republic,ETONC,Total employment,PERSA,2001-Q2,Q2-2001,2125.5
SVK,Slovak Republic,ETONC,Total employment,PERSA,2001-Q3,Q3-2001,2127.2
SVK,Slovak Republic,ETONC,Total employment,PERSA,2001-Q4,Q4-2001,2127.3
SVK,Slovak Republic,ETONC,Total employment,PERSA,2002-Q1,Q1-2002,2121.6
SVK,Slovak Republic,ETONC,Total employment,PERSA,2002-Q2,Q2-2002,2120
SVK,Slovak Republic,ETONC,Total employment,PERSA,2002-Q3,Q3-2002,2126.2
SVK,Slovak Republic,ETONC,Total employment,PERSA,2002-Q4,Q4-2002,2140
SVK,Slovak Republic,ETONC,Total employment,PERSA,2003-Q1,Q1-2003,2151.2
SVK,Slovak Republic,ETONC,Total employment,PERSA,2003-Q2,Q2-2003,2175.2
SVK,Slovak Republic,ETONC,Total employment,PERSA,2003-Q3,Q3-2003,2171.2
SVK,Slovak Republic,ETONC,Total employment,PERSA,2003-Q4,Q4-2003,2160.6
SVK,Slovak Republic,ETONC,Total employment,PERSA,2004-Q1,Q1-2004,2150.9
SVK,Slovak Republic,ETONC,Total employment,PERSA,2004-Q2,Q2-2004,2158.5
SVK,Slovak Republic,ETONC,Total employment,PERSA,2004-Q3,Q3-2004,2184.2
SVK,Slovak Republic,ETONC,Total employment,PERSA,2004-Q4,Q4-2004,2187.8
SVK,Slovak Republic,ETONC,Total employment,PERSA,2005-Q1,Q1-2005,2195.9
SVK,Slovak Republic,ETONC,Total employment,PERSA,2005-Q2,Q2-2005,2203.1
SVK,Slovak Republic,ETONC,Total employment,PERSA,2005-Q3,Q3-2005,2222
SVK,Slovak Republic,ETONC,Total employment,PERSA,2005-Q4,Q4-2005,2243.6
SVK,Slovak Republic,ETONC,Total employment,PERSA,2006-Q1,Q1-2006,2273.6
SVK,Slovak Republic,ETONC,Total employment,PERSA,2006-Q2,Q2-2006,2300.3
SVK,Slovak Republic,ETONC,Total employment,PERSA,2006-Q3,Q3-2006,2310.2
SVK,Slovak Republic,ETONC,Total employment,PERSA,2006-Q4,Q4-2006,2321.5
SVK,Slovak Republic,ETONC,Total employment,PERSA,2007-Q1,Q1-2007,2341.8
SVK,Slovak Republic,ETONC,Total employment,PERSA,2007-Q2,Q2-2007,2343.7
SVK,Slovak Republic,ETONC,Total employment,PERSA,2007-Q3,Q3-2007,2357.9
SVK,Slovak Republic,ETONC,Total employment,PERSA,2007-Q4,Q4-2007,2385.7
SVK,Slovak Republic,ETONC,Total employment,PERSA,2008-Q1,Q1-2008,2408
SVK,Slovak Republic,ETONC,Total employment,PERSA,2008-Q2,Q2-2008,2410.3
SVK,Slovak Republic,ETONC,Total employment,PERSA,2008-Q3,Q3-2008,2463.1
SVK,Slovak Republic,ETONC,Total employment,PERSA,2008-Q4,Q4-2008,2453.6
SVK,Slovak Republic,ETONC,Total employment,PERSA,2009-Q1,Q1-2009,2407.5
SVK,Slovak Republic,ETONC,Total employment,PERSA,2009-Q2,Q2-2009,2381.1
SVK,Slovak Republic,ETONC,Total employment,PERSA,2009-Q3,Q3-2009,2354.3
SVK,Slovak Republic,ETONC,Total employment,PERSA,2009-Q4,Q4-2009,2320.2
SVK,Slovak Republic,ETONC,Total employment,PERSA,2010-Q1,Q1-2010,2303.2
SVK,Slovak Republic,ETONC,Total employment,PERSA,2010-Q2,Q2-2010,2313.5
SVK,Slovak Republic,ETONC,Total employment,PERSA,2010-Q3,Q3-2010,2321
SVK,Slovak Republic,ETONC,Total employment,PERSA,2010-Q4,Q4-2010,2332.3
SVK,Slovak Republic,ETONC,Total employment,PERSA,2011-Q1,Q1-2011,2311.6
SVK,Slovak Republic,ETONC,Total employment,PERSA,2011-Q2,Q2-2011,2318.1
SVK,Slovak Republic,ETONC,Total employment,PERSA,2011-Q3,Q3-2011,2317.6
SVK,Slovak Republic,ETONC,Total employment,PERSA,2011-Q4,Q4-2011,2314
SVK,Slovak Republic,ETONC,Total employment,PERSA,2012-Q1,Q1-2012,2334.8
SVK,Slovak Republic,ETONC,Total employment,PERSA,2012-Q2,Q2-2012,2332.4
SVK,Slovak Republic,ETONC,Total employment,PERSA,2012-Q3,Q3-2012,2332.3
SVK,Slovak Republic,ETONC,Total employment,PERSA,2012-Q4,Q4-2012,2316.4
SVK,Slovak Republic,ETONC,Total employment,PERSA,2013-Q1,Q1-2013,2335.4
SVK,Slovak Republic,ETONC,Total employment,PERSA,2013-Q2,Q2-2013,2326.2
SVK,Slovak Republic,ETONC,Total employment,PERSA,2013-Q3,Q3-2013,2326
SVK,Slovak Republic,ETONC,Total employment,PERSA,2013-Q4,Q4-2013,2329.3
SVK,Slovak Republic,ETONC,Total employment,PERSA,2014-Q1,Q1-2014,2339.2
SVK,Slovak Republic,ETONC,Total employment,PERSA,2014-Q2,Q2-2014,2353.1
SVK,Slovak Republic,ETONC,Total employment,PERSA,2014-Q3,Q3-2014,2369.4
SVK,Slovak Republic,ETONC,Total employment,PERSA,2014-Q4,Q4-2014,2390.5
SVK,Slovak Republic,ETONC,Total employment,PERSA,2015-Q1,Q1-2015,2399.8
SVK,Slovak Republic,ETONC,Total employment,PERSA,2015-Q2,Q2-2015,2416.4
SVK,Slovak Republic,ETONC,Total employment,PERSA,2015-Q3,Q3-2015,2429.1
SVK,Slovak Republic,ETONC,Total employment,PERSA,2015-Q4,Q4-2015,2450.7
SVK,Slovak Republic,ETONC,Total employment,PERSA,2016-Q1,Q1-2016,2469.5
SVK,Slovak Republic,ETONC,Total employment,PERSA,2016-Q2,Q2-2016,2491.2
SVK,Slovak Republic,ETONC,Total employment,PERSA,2016-Q3,Q3-2016,2497.8
SVK,Slovak Republic,ETONC,Total employment,PERSA,2016-Q4,Q4-2016,2510
SVK,Slovak Republic,ETONC,Total employment,PERSA,2017-Q1,Q1-2017,2521
SVK,Slovak Republic,ETONC,Total employment,PERSA,2017-Q2,Q2-2017,2529.6
SVK,Slovak Republic,ETONC,Total employment,PERSA,2017-Q3,Q3-2017,2536.6
SVK,Slovak Republic,ETONC,Total employment,PERSA,2017-Q4,Q4-2017,2535.5
SVK,Slovak Republic,ETONC,Total employment,PERSA,2018-Q1,Q1-2018,2551.5
SVK,Slovak Republic,ETONC,Total employment,PERSA,2018-Q2,Q2-2018,2563.1
SVK,Slovak Republic,ETONC,Total employment,PERSA,2018-Q3,Q3-2018,2572.3
SVK,Slovak Republic,ETONC,Total employment,PERSA,2018-Q4,Q4-2018,2580
SVK,Slovak Republic,ETONC,Total employment,PERSA,2019-Q1,Q1-2019,2599.1
SVK,Slovak Republic,ETONC,Total employment,PERSA,2019-Q2,Q2-2019,2581
SVK,Slovak Republic,ETONC,Total employment,PERSA,2019-Q3,Q3-2019,2577.6
SVK,Slovak Republic,ETONC,Total employment,PERSA,2019-Q4,Q4-2019,2576.9
ESP,Spain,ETONC,Total employment,PERSA,2000-Q1,Q1-2000,16390.8
ESP,Spain,ETONC,Total employment,PERSA,2000-Q2,Q2-2000,16589.9
ESP,Spain,ETONC,Total employment,PERSA,2000-Q3,Q3-2000,16756.4
ESP,Spain,ETONC,Total employment,PERSA,2000-Q4,Q4-2000,16920.5
ESP,Spain,ETONC,Total employment,PERSA,2001-Q1,Q1-2001,17056.4
ESP,Spain,ETONC,Total employment,PERSA,2001-Q2,Q2-2001,17148.2
ESP,Spain,ETONC,Total employment,PERSA,2001-Q3,Q3-2001,17258.6
ESP,Spain,ETONC,Total employment,PERSA,2001-Q4,Q4-2001,17376.1
ESP,Spain,ETONC,Total employment,PERSA,2002-Q1,Q1-2002,17450.5
ESP,Spain,ETONC,Total employment,PERSA,2002-Q2,Q2-2002,17585.5
ESP,Spain,ETONC,Total employment,PERSA,2002-Q3,Q3-2002,17714
ESP,Spain,ETONC,Total employment,PERSA,2002-Q4,Q4-2002,17832.9
ESP,Spain,ETONC,Total employment,PERSA,2003-Q1,Q1-2003,17981.6
ESP,Spain,ETONC,Total employment,PERSA,2003-Q2,Q2-2003,18145.5
ESP,Spain,ETONC,Total employment,PERSA,2003-Q3,Q3-2003,18302.9
ESP,Spain,ETONC,Total employment,PERSA,2003-Q4,Q4-2003,18458.1
ESP,Spain,ETONC,Total employment,PERSA,2004-Q1,Q1-2004,18645.3
ESP,Spain,ETONC,Total employment,PERSA,2004-Q2,Q2-2004,18790
ESP,Spain,ETONC,Total employment,PERSA,2004-Q3,Q3-2004,18941.7
ESP,Spain,ETONC,Total employment,PERSA,2004-Q4,Q4-2004,19158.5
ESP,Spain,ETONC,Total employment,PERSA,2005-Q1,Q1-2005,19334.8
ESP,Spain,ETONC,Total employment,PERSA,2005-Q2,Q2-2005,19576.4
ESP,Spain,ETONC,Total employment,PERSA,2005-Q3,Q3-2005,19826.4
ESP,Spain,ETONC,Total employment,PERSA,2005-Q4,Q4-2005,20007.6
ESP,Spain,ETONC,Total employment,PERSA,2006-Q1,Q1-2006,20230.9
ESP,Spain,ETONC,Total employment,PERSA,2006-Q2,Q2-2006,20404.5
ESP,Spain,ETONC,Total employment,PERSA,2006-Q3,Q3-2006,20576.7
ESP,Spain,ETONC,Total employment,PERSA,2006-Q4,Q4-2006,20770.2
ESP,Spain,ETONC,Total employment,PERSA,2007-Q1,Q1-2007,20930.3
ESP,Spain,ETONC,Total employment,PERSA,2007-Q2,Q2-2007,21102.7
ESP,Spain,ETONC,Total employment,PERSA,2007-Q3,Q3-2007,21264
ESP,Spain,ETONC,Total employment,PERSA,2007-Q4,Q4-2007,21354.7
ESP,Spain,ETONC,Total employment,PERSA,2008-Q1,Q1-2008,21414.9
ESP,Spain,ETONC,Total employment,PERSA,2008-Q2,Q2-2008,21361
ESP,Spain,ETONC,Total employment,PERSA,2008-Q3,Q3-2008,21213.6
ESP,Spain,ETONC,Total employment,PERSA,2008-Q4,Q4-2008,20814.4
ESP,Spain,ETONC,Total employment,PERSA,2009-Q1,Q1-2009,20099.1
ESP,Spain,ETONC,Total employment,PERSA,2009-Q2,Q2-2009,19907.1
ESP,Spain,ETONC,Total employment,PERSA,2009-Q3,Q3-2009,19777.1
ESP,Spain,ETONC,Total employment,PERSA,2009-Q4,Q4-2009,19664.3
ESP,Spain,ETONC,Total employment,PERSA,2010-Q1,Q1-2010,19607.4
ESP,Spain,ETONC,Total employment,PERSA,2010-Q2,Q2-2010,19544.8
ESP,Spain,ETONC,Total employment,PERSA,2010-Q3,Q3-2010,19509.5
ESP,Spain,ETONC,Total employment,PERSA,2010-Q4,Q4-2010,19427.4
ESP,Spain,ETONC,Total employment,PERSA,2011-Q1,Q1-2011,19257.6
ESP,Spain,ETONC,Total employment,PERSA,2011-Q2,Q2-2011,19144.1
ESP,Spain,ETONC,Total employment,PERSA,2011-Q3,Q3-2011,18941.6
ESP,Spain,ETONC,Total employment,PERSA,2011-Q4,Q4-2011,18763.6
ESP,Spain,ETONC,Total employment,PERSA,2012-Q1,Q1-2012,18557
ESP,Spain,ETONC,Total employment,PERSA,2012-Q2,Q2-2012,18357.2
ESP,Spain,ETONC,Total employment,PERSA,2012-Q3,Q3-2012,18178.1
ESP,Spain,ETONC,Total employment,PERSA,2012-Q4,Q4-2012,18016.9
ESP,Spain,ETONC,Total employment,PERSA,2013-Q1,Q1-2013,17923.9
ESP,Spain,ETONC,Total employment,PERSA,2013-Q2,Q2-2013,17833.5
ESP,Spain,ETONC,Total employment,PERSA,2013-Q3,Q3-2013,17822.1
ESP,Spain,ETONC,Total employment,PERSA,2013-Q4,Q4-2013,17828.7
ESP,Spain,ETONC,Total employment,PERSA,2014-Q1,Q1-2014,17869.7
ESP,Spain,ETONC,Total employment,PERSA,2014-Q2,Q2-2014,17979.2
ESP,Spain,ETONC,Total employment,PERSA,2014-Q3,Q3-2014,18079.5
ESP,Spain,ETONC,Total employment,PERSA,2014-Q4,Q4-2014,18215.2
ESP,Spain,ETONC,Total employment,PERSA,2015-Q1,Q1-2015,18355.1
ESP,Spain,ETONC,Total employment,PERSA,2015-Q2,Q2-2015,18485.8
ESP,Spain,ETONC,Total employment,PERSA,2015-Q3,Q3-2015,18601.3
ESP,Spain,ETONC,Total employment,PERSA,2015-Q4,Q4-2015,18712.4
ESP,Spain,ETONC,Total employment,PERSA,2016-Q1,Q1-2016,18793.3
ESP,Spain,ETONC,Total employment,PERSA,2016-Q2,Q2-2016,18880.3
ESP,Spain,ETONC,Total employment,PERSA,2016-Q3,Q3-2016,18994
ESP,Spain,ETONC,Total employment,PERSA,2016-Q4,Q4-2016,19100
ESP,Spain,ETONC,Total employment,PERSA,2017-Q1,Q1-2017,19255.7
ESP,Spain,ETONC,Total employment,PERSA,2017-Q2,Q2-2017,19381
ESP,Spain,ETONC,Total employment,PERSA,2017-Q3,Q3-2017,19509.8
ESP,Spain,ETONC,Total employment,PERSA,2017-Q4,Q4-2017,19607.5
ESP,Spain,ETONC,Total employment,PERSA,2018-Q1,Q1-2018,19663.9
ESP,Spain,ETONC,Total employment,PERSA,2018-Q2,Q2-2018,19791.6
ESP,Spain,ETONC,Total employment,PERSA,2018-Q3,Q3-2018,19930
ESP,Spain,ETONC,Total employment,PERSA,2018-Q4,Q4-2018,20071
ESP,Spain,ETONC,Total employment,PERSA,2019-Q1,Q1-2019,20217.6
ESP,Spain,ETONC,Total employment,PERSA,2019-Q2,Q2-2019,20343.4
ESP,Spain,ETONC,Total employment,PERSA,2019-Q3,Q3-2019,20441.7
ESP,Spain,ETONC,Total employment,PERSA,2019-Q4,Q4-2019,20559.8
EST,Estonia,ETONC,Total employment,PERSA,2000-Q1,Q1-2000,582.3
EST,Estonia,ETONC,Total employment,PERSA,2000-Q2,Q2-2000,591
EST,Estonia,ETONC,Total employment,PERSA,2000-Q3,Q3-2000,592.3
EST,Estonia,ETONC,Total employment,PERSA,2000-Q4,Q4-2000,587.1
EST,Estonia,ETONC,Total employment,PERSA,2001-Q1,Q1-2001,589.5
EST,Estonia,ETONC,Total employment,PERSA,2001-Q2,Q2-2001,585.7
EST,Estonia,ETONC,Total employment,PERSA,2001-Q3,Q3-2001,595.5
EST,Estonia,ETONC,Total employment,PERSA,2001-Q4,Q4-2001,597.3
EST,Estonia,ETONC,Total employment,PERSA,2002-Q1,Q1-2002,592.6
EST,Estonia,ETONC,Total employment,PERSA,2002-Q2,Q2-2002,592.3
EST,Estonia,ETONC,Total employment,PERSA,2002-Q3,Q3-2002,591.7
EST,Estonia,ETONC,Total employment,PERSA,2002-Q4,Q4-2002,590.6
EST,Estonia,ETONC,Total employment,PERSA,2003-Q1,Q1-2003,593.2
EST,Estonia,ETONC,Total employment,PERSA,2003-Q2,Q2-2003,598.8
EST,Estonia,ETONC,Total employment,PERSA,2003-Q3,Q3-2003,612.6
EST,Estonia,ETONC,Total employment,PERSA,2003-Q4,Q4-2003,615.8
EST,Estonia,ETONC,Total employment,PERSA,2004-Q1,Q1-2004,609.1
EST,Estonia,ETONC,Total employment,PERSA,2004-Q2,Q2-2004,606.9
EST,Estonia,ETONC,Total employment,PERSA,2004-Q3,Q3-2004,598.5
EST,Estonia,ETONC,Total employment,PERSA,2004-Q4,Q4-2004,602.8
EST,Estonia,ETONC,Total employment,PERSA,2005-Q1,Q1-2005,609.3
EST,Estonia,ETONC,Total employment,PERSA,2005-Q2,Q2-2005,619.4
EST,Estonia,ETONC,Total employment,PERSA,2005-Q3,Q3-2005,616
EST,Estonia,ETONC,Total employment,PERSA,2005-Q4,Q4-2005,625.2
EST,Estonia,ETONC,Total employment,PERSA,2006-Q1,Q1-2006,647
EST,Estonia,ETONC,Total employment,PERSA,2006-Q2,Q2-2006,657.5
EST,Estonia,ETONC,Total employment,PERSA,2006-Q3,Q3-2006,651.7
EST,Estonia,ETONC,Total employment,PERSA,2006-Q4,Q4-2006,656.3
EST,Estonia,ETONC,Total employment,PERSA,2007-Q1,Q1-2007,658.2
EST,Estonia,ETONC,Total employment,PERSA,2007-Q2,Q2-2007,662.7
EST,Estonia,ETONC,Total employment,PERSA,2007-Q3,Q3-2007,659.3
EST,Estonia,ETONC,Total employment,PERSA,2007-Q4,Q4-2007,656
EST,Estonia,ETONC,Total employment,PERSA,2008-Q1,Q1-2008,666.5
EST,Estonia,ETONC,Total employment,PERSA,2008-Q2,Q2-2008,658.3
EST,Estonia,ETONC,Total employment,PERSA,2008-Q3,Q3-2008,655.5
EST,Estonia,ETONC,Total employment,PERSA,2008-Q4,Q4-2008,652.2
EST,Estonia,ETONC,Total employment,PERSA,2009-Q1,Q1-2009,620.3
EST,Estonia,ETONC,Total employment,PERSA,2009-Q2,Q2-2009,593.6
EST,Estonia,ETONC,Total employment,PERSA,2009-Q3,Q3-2009,592.8
EST,Estonia,ETONC,Total employment,PERSA,2009-Q4,Q4-2009,578.2
EST,Estonia,ETONC,Total employment,PERSA,2010-Q1,Q1-2010,559.8
EST,Estonia,ETONC,Total employment,PERSA,2010-Q2,Q2-2010,559.5
EST,Estonia,ETONC,Total employment,PERSA,2010-Q3,Q3-2010,571.7
EST,Estonia,ETONC,Total employment,PERSA,2010-Q4,Q4-2010,589.5
EST,Estonia,ETONC,Total employment,PERSA,2011-Q1,Q1-2011,594.5
EST,Estonia,ETONC,Total employment,PERSA,2011-Q2,Q2-2011,600.1
EST,Estonia,ETONC,Total employment,PERSA,2011-Q3,Q3-2011,618
EST,Estonia,ETONC,Total employment,PERSA,2011-Q4,Q4-2011,609.1
EST,Estonia,ETONC,Total employment,PERSA,2012-Q1,Q1-2012,615.4
EST,Estonia,ETONC,Total employment,PERSA,2012-Q2,Q2-2012,619.3
EST,Estonia,ETONC,Total employment,PERSA,2012-Q3,Q3-2012,623.4
EST,Estonia,ETONC,Total employment,PERSA,2012-Q4,Q4-2012,616.7
EST,Estonia,ETONC,Total employment,PERSA,2013-Q1,Q1-2013,621.1
EST,Estonia,ETONC,Total employment,PERSA,2013-Q2,Q2-2013,635.5
EST,Estonia,ETONC,Total employment,PERSA,2013-Q3,Q3-2013,623.1
EST,Estonia,ETONC,Total employment,PERSA,2013-Q4,Q4-2013,616.9
EST,Estonia,ETONC,Total employment,PERSA,2014-Q1,Q1-2014,615.8
EST,Estonia,ETONC,Total employment,PERSA,2014-Q2,Q2-2014,632.5
EST,Estonia,ETONC,Total employment,PERSA,2014-Q3,Q3-2014,629.4
EST,Estonia,ETONC,Total employment,PERSA,2014-Q4,Q4-2014,632.9
EST,Estonia,ETONC,Total employment,PERSA,2015-Q1,Q1-2015,633.3
EST,Estonia,ETONC,Total employment,PERSA,2015-Q2,Q2-2015,643.4
EST,Estonia,ETONC,Total employment,PERSA,2015-Q3,Q3-2015,656.7
EST,Estonia,ETONC,Total employment,PERSA,2015-Q4,Q4-2015,640.1
EST,Estonia,ETONC,Total employment,PERSA,2016-Q1,Q1-2016,639.4
EST,Estonia,ETONC,Total employment,PERSA,2016-Q2,Q2-2016,660.7
EST,Estonia,ETONC,Total employment,PERSA,2016-Q3,Q3-2016,651.1
EST,Estonia,ETONC,Total employment,PERSA,2016-Q4,Q4-2016,638.2
EST,Estonia,ETONC,Total employment,PERSA,2017-Q1,Q1-2017,656.9
EST,Estonia,ETONC,Total employment,PERSA,2017-Q2,Q2-2017,656.2
EST,Estonia,ETONC,Total employment,PERSA,2017-Q3,Q3-2017,662.1
EST,Estonia,ETONC,Total employment,PERSA,2017-Q4,Q4-2017,669.2
EST,Estonia,ETONC,Total employment,PERSA,2018-Q1,Q1-2018,659.7
EST,Estonia,ETONC,Total employment,PERSA,2018-Q2,Q2-2018,668.3
EST,Estonia,ETONC,Total employment,PERSA,2018-Q3,Q3-2018,658.1
EST,Estonia,ETONC,Total employment,PERSA,2018-Q4,Q4-2018,671.3
EST,Estonia,ETONC,Total employment,PERSA,2019-Q1,Q1-2019,669.8
EST,Estonia,ETONC,Total employment,PERSA,2019-Q2,Q2-2019,667
EST,Estonia,ETONC,Total employment,PERSA,2019-Q3,Q3-2019,670.2
EST,Estonia,ETONC,Total employment,PERSA,2019-Q4,Q4-2019,678.8
SVN,Slovenia,ETONC,Total employment,PERSA,2000-Q1,Q1-2000,908.9
SVN,Slovenia,ETONC,Total employment,PERSA,2000-Q2,Q2-2000,912.8
SVN,Slovenia,ETONC,Total employment,PERSA,2000-Q3,Q3-2000,916.6
SVN,Slovenia,ETONC,Total employment,PERSA,2000-Q4,Q4-2000,918.6
SVN,Slovenia,ETONC,Total employment,PERSA,2001-Q1,Q1-2001,920
SVN,Slovenia,ETONC,Total employment,PERSA,2001-Q2,Q2-2001,920.1
SVN,Slovenia,ETONC,Total employment,PERSA,2001-Q3,Q3-2001,920.1
SVN,Slovenia,ETONC,Total employment,PERSA,2001-Q4,Q4-2001,918.6
SVN,Slovenia,ETONC,Total employment,PERSA,2002-Q1,Q1-2002,935.4
SVN,Slovenia,ETONC,Total employment,PERSA,2002-Q2,Q2-2002,934.6
SVN,Slovenia,ETONC,Total employment,PERSA,2002-Q3,Q3-2002,933.8
SVN,Slovenia,ETONC,Total employment,PERSA,2002-Q4,Q4-2002,934
SVN,Slovenia,ETONC,Total employment,PERSA,2003-Q1,Q1-2003,932.5
SVN,Slovenia,ETONC,Total employment,PERSA,2003-Q2,Q2-2003,931.9
SVN,Slovenia,ETONC,Total employment,PERSA,2003-Q3,Q3-2003,931.1
SVN,Slovenia,ETONC,Total employment,PERSA,2003-Q4,Q4-2003,930.2
SVN,Slovenia,ETONC,Total employment,PERSA,2004-Q1,Q1-2004,932.7
SVN,Slovenia,ETONC,Total employment,PERSA,2004-Q2,Q2-2004,933
SVN,Slovenia,ETONC,Total employment,PERSA,2004-Q3,Q3-2004,935.7
SVN,Slovenia,ETONC,Total employment,PERSA,2004-Q4,Q4-2004,934.4
SVN,Slovenia,ETONC,Total employment,PERSA,2005-Q1,Q1-2005,928.9
SVN,Slovenia,ETONC,Total employment,PERSA,2005-Q2,Q2-2005,929.1
SVN,Slovenia,ETONC,Total employment,PERSA,2005-Q3,Q3-2005,927.6
SVN,Slovenia,ETONC,Total employment,PERSA,2005-Q4,Q4-2005,929.4
SVN,Slovenia,ETONC,Total employment,PERSA,2006-Q1,Q1-2006,934.4
SVN,Slovenia,ETONC,Total employment,PERSA,2006-Q2,Q2-2006,937.5
SVN,Slovenia,ETONC,Total employment,PERSA,2006-Q3,Q3-2006,941.4
SVN,Slovenia,ETONC,Total employment,PERSA,2006-Q4,Q4-2006,947.2
SVN,Slovenia,ETONC,Total employment,PERSA,2007-Q1,Q1-2007,958.7
SVN,Slovenia,ETONC,Total employment,PERSA,2007-Q2,Q2-2007,966.3
SVN,Slovenia,ETONC,Total employment,PERSA,2007-Q3,Q3-2007,973.9
SVN,Slovenia,ETONC,Total employment,PERSA,2007-Q4,Q4-2007,979.7
SVN,Slovenia,ETONC,Total employment,PERSA,2008-Q1,Q1-2008,984.3
SVN,Slovenia,ETONC,Total employment,PERSA,2008-Q2,Q2-2008,990.6
SVN,Slovenia,ETONC,Total employment,PERSA,2008-Q3,Q3-2008,996.2
SVN,Slovenia,ETONC,Total employment,PERSA,2008-Q4,Q4-2008,998
SVN,Slovenia,ETONC,Total employment,PERSA,2009-Q1,Q1-2009,992.1
SVN,Slovenia,ETONC,Total employment,PERSA,2009-Q2,Q2-2009,983.4
SVN,Slovenia,ETONC,Total employment,PERSA,2009-Q3,Q3-2009,977.6
SVN,Slovenia,ETONC,Total employment,PERSA,2009-Q4,Q4-2009,972.3
SVN,Slovenia,ETONC,Total employment,PERSA,2010-Q1,Q1-2010,969.5
SVN,Slovenia,ETONC,Total employment,PERSA,2010-Q2,Q2-2010,964.9
SVN,Slovenia,ETONC,Total employment,PERSA,2010-Q3,Q3-2010,959.6
SVN,Slovenia,ETONC,Total employment,PERSA,2010-Q4,Q4-2010,953.8
SVN,Slovenia,ETONC,Total employment,PERSA,2011-Q1,Q1-2011,948.5
SVN,Slovenia,ETONC,Total employment,PERSA,2011-Q2,Q2-2011,947.5
SVN,Slovenia,ETONC,Total employment,PERSA,2011-Q3,Q3-2011,945.4
SVN,Slovenia,ETONC,Total employment,PERSA,2011-Q4,Q4-2011,943.8
SVN,Slovenia,ETONC,Total employment,PERSA,2012-Q1,Q1-2012,945.2
SVN,Slovenia,ETONC,Total employment,PERSA,2012-Q2,Q2-2012,942.6
SVN,Slovenia,ETONC,Total employment,PERSA,2012-Q3,Q3-2012,937.5
SVN,Slovenia,ETONC,Total employment,PERSA,2012-Q4,Q4-2012,932.8
SVN,Slovenia,ETONC,Total employment,PERSA,2013-Q1,Q1-2013,931.9
SVN,Slovenia,ETONC,Total employment,PERSA,2013-Q2,Q2-2013,927.8
SVN,Slovenia,ETONC,Total employment,PERSA,2013-Q3,Q3-2013,929.7
SVN,Slovenia,ETONC,Total employment,PERSA,2013-Q4,Q4-2013,932
SVN,Slovenia,ETONC,Total employment,PERSA,2014-Q1,Q1-2014,929.9
SVN,Slovenia,ETONC,Total employment,PERSA,2014-Q2,Q2-2014,935.2
SVN,Slovenia,ETONC,Total employment,PERSA,2014-Q3,Q3-2014,935.4
SVN,Slovenia,ETONC,Total employment,PERSA,2014-Q4,Q4-2014,941
SVN,Slovenia,ETONC,Total employment,PERSA,2015-Q1,Q1-2015,944.6
SVN,Slovenia,ETONC,Total employment,PERSA,2015-Q2,Q2-2015,946.8
SVN,Slovenia,ETONC,Total employment,PERSA,2015-Q3,Q3-2015,952.1
SVN,Slovenia,ETONC,Total employment,PERSA,2015-Q4,Q4-2015,954.4
SVN,Slovenia,ETONC,Total employment,PERSA,2016-Q1,Q1-2016,959.4
SVN,Slovenia,ETONC,Total employment,PERSA,2016-Q2,Q2-2016,965.5
SVN,Slovenia,ETONC,Total employment,PERSA,2016-Q3,Q3-2016,971.2
SVN,Slovenia,ETONC,Total employment,PERSA,2016-Q4,Q4-2016,977.2
SVN,Slovenia,ETONC,Total employment,PERSA,2017-Q1,Q1-2017,982.4
SVN,Slovenia,ETONC,Total employment,PERSA,2017-Q2,Q2-2017,990.1
SVN,Slovenia,ETONC,Total employment,PERSA,2017-Q3,Q3-2017,998.6
SVN,Slovenia,ETONC,Total employment,PERSA,2017-Q4,Q4-2017,1007.3
SVN,Slovenia,ETONC,Total employment,PERSA,2018-Q1,Q1-2018,1016.8
SVN,Slovenia,ETONC,Total employment,PERSA,2018-Q2,Q2-2018,1025.5
SVN,Slovenia,ETONC,Total employment,PERSA,2018-Q3,Q3-2018,1030
SVN,Slovenia,ETONC,Total employment,PERSA,2018-Q4,Q4-2018,1039.6
SVN,Slovenia,ETONC,Total employment,PERSA,2019-Q1,Q1-2019,1046.2
SVN,Slovenia,ETONC,Total employment,PERSA,2019-Q2,Q2-2019,1050.2
SVN,Slovenia,ETONC,Total employment,PERSA,2019-Q3,Q3-2019,1056.9
SVN,Slovenia,ETONC,Total employment,PERSA,2019-Q4,Q4-2019,1058.1
LVA,Latvia,ETONC,Total employment,PERSA,2000-Q1,Q1-2000,949.2
LVA,Latvia,ETONC,Total employment,PERSA,2000-Q2,Q2-2000,927.1
LVA,Latvia,ETONC,Total employment,PERSA,2000-Q3,Q3-2000,919.1
LVA,Latvia,ETONC,Total employment,PERSA,2000-Q4,Q4-2000,922.8
LVA,Latvia,ETONC,Total employment,PERSA,2001-Q1,Q1-2001,948.4
LVA,Latvia,ETONC,Total employment,PERSA,2001-Q2,Q2-2001,947.5
LVA,Latvia,ETONC,Total employment,PERSA,2001-Q3,Q3-2001,941.8
LVA,Latvia,ETONC,Total employment,PERSA,2001-Q4,Q4-2001,948
LVA,Latvia,ETONC,Total employment,PERSA,2002-Q1,Q1-2002,937.3
LVA,Latvia,ETONC,Total employment,PERSA,2002-Q2,Q2-2002,954.5
LVA,Latvia,ETONC,Total employment,PERSA,2002-Q3,Q3-2002,973.3
LVA,Latvia,ETONC,Total employment,PERSA,2002-Q4,Q4-2002,975.2
LVA,Latvia,ETONC,Total employment,PERSA,2003-Q1,Q1-2003,966.3
LVA,Latvia,ETONC,Total employment,PERSA,2003-Q2,Q2-2003,956.9
LVA,Latvia,ETONC,Total employment,PERSA,2003-Q3,Q3-2003,979.2
LVA,Latvia,ETONC,Total employment,PERSA,2003-Q4,Q4-2003,962.2
LVA,Latvia,ETONC,Total employment,PERSA,2004-Q1,Q1-2004,972.2
LVA,Latvia,ETONC,Total employment,PERSA,2004-Q2,Q2-2004,963.8
LVA,Latvia,ETONC,Total employment,PERSA,2004-Q3,Q3-2004,968.9
LVA,Latvia,ETONC,Total employment,PERSA,2004-Q4,Q4-2004,970.3
LVA,Latvia,ETONC,Total employment,PERSA,2005-Q1,Q1-2005,961.8
LVA,Latvia,ETONC,Total employment,PERSA,2005-Q2,Q2-2005,980.3
LVA,Latvia,ETONC,Total employment,PERSA,2005-Q3,Q3-2005,981.1
LVA,Latvia,ETONC,Total employment,PERSA,2005-Q4,Q4-2005,993
LVA,Latvia,ETONC,Total employment,PERSA,2006-Q1,Q1-2006,1013
LVA,Latvia,ETONC,Total employment,PERSA,2006-Q2,Q2-2006,1033.3
LVA,Latvia,ETONC,Total employment,PERSA,2006-Q3,Q3-2006,1061.6
LVA,Latvia,ETONC,Total employment,PERSA,2006-Q4,Q4-2006,1039.2
LVA,Latvia,ETONC,Total employment,PERSA,2007-Q1,Q1-2007,1072.1
LVA,Latvia,ETONC,Total employment,PERSA,2007-Q2,Q2-2007,1079.7
LVA,Latvia,ETONC,Total employment,PERSA,2007-Q3,Q3-2007,1068.9
LVA,Latvia,ETONC,Total employment,PERSA,2007-Q4,Q4-2007,1048.1
LVA,Latvia,ETONC,Total employment,PERSA,2008-Q1,Q1-2008,1074.4
LVA,Latvia,ETONC,Total employment,PERSA,2008-Q2,Q2-2008,1074.1
LVA,Latvia,ETONC,Total employment,PERSA,2008-Q3,Q3-2008,1054.4
LVA,Latvia,ETONC,Total employment,PERSA,2008-Q4,Q4-2008,1026.7
LVA,Latvia,ETONC,Total employment,PERSA,2009-Q1,Q1-2009,976.8
LVA,Latvia,ETONC,Total employment,PERSA,2009-Q2,Q2-2009,944.7
LVA,Latvia,ETONC,Total employment,PERSA,2009-Q3,Q3-2009,880.7
LVA,Latvia,ETONC,Total employment,PERSA,2009-Q4,Q4-2009,839.8
LVA,Latvia,ETONC,Total employment,PERSA,2010-Q1,Q1-2010,842.4
LVA,Latvia,ETONC,Total employment,PERSA,2010-Q2,Q2-2010,842.2
LVA,Latvia,ETONC,Total employment,PERSA,2010-Q3,Q3-2010,863.4
LVA,Latvia,ETONC,Total employment,PERSA,2010-Q4,Q4-2010,863.9
LVA,Latvia,ETONC,Total employment,PERSA,2011-Q1,Q1-2011,849.8
LVA,Latvia,ETONC,Total employment,PERSA,2011-Q2,Q2-2011,863.6
LVA,Latvia,ETONC,Total employment,PERSA,2011-Q3,Q3-2011,869
LVA,Latvia,ETONC,Total employment,PERSA,2011-Q4,Q4-2011,872.2
LVA,Latvia,ETONC,Total employment,PERSA,2012-Q1,Q1-2012,863.1
LVA,Latvia,ETONC,Total employment,PERSA,2012-Q2,Q2-2012,868.5
LVA,Latvia,ETONC,Total employment,PERSA,2012-Q3,Q3-2012,890.6
LVA,Latvia,ETONC,Total employment,PERSA,2012-Q4,Q4-2012,892.6
LVA,Latvia,ETONC,Total employment,PERSA,2013-Q1,Q1-2013,896.7
LVA,Latvia,ETONC,Total employment,PERSA,2013-Q2,Q2-2013,901.1
LVA,Latvia,ETONC,Total employment,PERSA,2013-Q3,Q3-2013,903.3
LVA,Latvia,ETONC,Total employment,PERSA,2013-Q4,Q4-2013,888.2
LVA,Latvia,ETONC,Total employment,PERSA,2014-Q1,Q1-2014,894
LVA,Latvia,ETONC,Total employment,PERSA,2014-Q2,Q2-2014,891.2
LVA,Latvia,ETONC,Total employment,PERSA,2014-Q3,Q3-2014,883.8
LVA,Latvia,ETONC,Total employment,PERSA,2014-Q4,Q4-2014,883.8
LVA,Latvia,ETONC,Total employment,PERSA,2015-Q1,Q1-2015,899.2
LVA,Latvia,ETONC,Total employment,PERSA,2015-Q2,Q2-2015,902.5
LVA,Latvia,ETONC,Total employment,PERSA,2015-Q3,Q3-2015,901.1
LVA,Latvia,ETONC,Total employment,PERSA,2015-Q4,Q4-2015,905.7
LVA,Latvia,ETONC,Total employment,PERSA,2016-Q1,Q1-2016,904.8
LVA,Latvia,ETONC,Total employment,PERSA,2016-Q2,Q2-2016,903.6
LVA,Latvia,ETONC,Total employment,PERSA,2016-Q3,Q3-2016,894.8
LVA,Latvia,ETONC,Total employment,PERSA,2016-Q4,Q4-2016,896.6
LVA,Latvia,ETONC,Total employment,PERSA,2017-Q1,Q1-2017,898.7
LVA,Latvia,ETONC,Total employment,PERSA,2017-Q2,Q2-2017,896.9
LVA,Latvia,ETONC,Total employment,PERSA,2017-Q3,Q3-2017,903
LVA,Latvia,ETONC,Total employment,PERSA,2017-Q4,Q4-2017,909
LVA,Latvia,ETONC,Total employment,PERSA,2018-Q1,Q1-2018,913.4
LVA,Latvia,ETONC,Total employment,PERSA,2018-Q2,Q2-2018,914.3
LVA,Latvia,ETONC,Total employment,PERSA,2018-Q3,Q3-2018,919.1
LVA,Latvia,ETONC,Total employment,PERSA,2018-Q4,Q4-2018,916.1
LVA,Latvia,ETONC,Total employment,PERSA,2019-Q1,Q1-2019,920.1
LVA,Latvia,ETONC,Total employment,PERSA,2019-Q2,Q2-2019,910.8
LVA,Latvia,ETONC,Total employment,PERSA,2019-Q3,Q3-2019,917.4
LVA,Latvia,ETONC,Total employment,PERSA,2019-Q4,Q4-2019,919.5
LTU,Lithuania,ETONC,Total employment,PERSA,2000-Q1,Q1-2000,1390.8
LTU,Lithuania,ETONC,Total employment,PERSA,2000-Q2,Q2-2000,1412.1
LTU,Lithuania,ETONC,Total employment,PERSA,2000-Q3,Q3-2000,1417.2
LTU,Lithuania,ETONC,Total employment,PERSA,2000-Q4,Q4-2000,1390.1
LTU,Lithuania,ETONC,Total employment,PERSA,2001-Q1,Q1-2001,1390.3
LTU,Lithuania,ETONC,Total employment,PERSA,2001-Q2,Q2-2001,1369
LTU,Lithuania,ETONC,Total employment,PERSA,2001-Q3,Q3-2001,1330.1
LTU,Lithuania,ETONC,Total employment,PERSA,2001-Q4,Q4-2001,1337.7
LTU,Lithuania,ETONC,Total employment,PERSA,2002-Q1,Q1-2002,1381.1
LTU,Lithuania,ETONC,Total employment,PERSA,2002-Q2,Q2-2002,1421.4
LTU,Lithuania,ETONC,Total employment,PERSA,2002-Q3,Q3-2002,1433.2
LTU,Lithuania,ETONC,Total employment,PERSA,2002-Q4,Q4-2002,1407.3
LTU,Lithuania,ETONC,Total employment,PERSA,2003-Q1,Q1-2003,1414.9
LTU,Lithuania,ETONC,Total employment,PERSA,2003-Q2,Q2-2003,1474.5
LTU,Lithuania,ETONC,Total employment,PERSA,2003-Q3,Q3-2003,1448.3
LTU,Lithuania,ETONC,Total employment,PERSA,2003-Q4,Q4-2003,1433.6
LTU,Lithuania,ETONC,Total employment,PERSA,2004-Q1,Q1-2004,1424.4
LTU,Lithuania,ETONC,Total employment,PERSA,2004-Q2,Q2-2004,1426.1
LTU,Lithuania,ETONC,Total employment,PERSA,2004-Q3,Q3-2004,1422.8
LTU,Lithuania,ETONC,Total employment,PERSA,2004-Q4,Q4-2004,1426.9
LTU,Lithuania,ETONC,Total employment,PERSA,2005-Q1,Q1-2005,1437.9
LTU,Lithuania,ETONC,Total employment,PERSA,2005-Q2,Q2-2005,1426.6
LTU,Lithuania,ETONC,Total employment,PERSA,2005-Q3,Q3-2005,1436.9
LTU,Lithuania,ETONC,Total employment,PERSA,2005-Q4,Q4-2005,1449.7
LTU,Lithuania,ETONC,Total employment,PERSA,2006-Q1,Q1-2006,1443.4
LTU,Lithuania,ETONC,Total employment,PERSA,2006-Q2,Q2-2006,1432.2
LTU,Lithuania,ETONC,Total employment,PERSA,2006-Q3,Q3-2006,1422
LTU,Lithuania,ETONC,Total employment,PERSA,2006-Q4,Q4-2006,1427.4
LTU,Lithuania,ETONC,Total employment,PERSA,2007-Q1,Q1-2007,1450.2
LTU,Lithuania,ETONC,Total employment,PERSA,2007-Q2,Q2-2007,1458
LTU,Lithuania,ETONC,Total employment,PERSA,2007-Q3,Q3-2007,1463.9
LTU,Lithuania,ETONC,Total employment,PERSA,2007-Q4,Q4-2007,1445.2
LTU,Lithuania,ETONC,Total employment,PERSA,2008-Q1,Q1-2008,1439.1
LTU,Lithuania,ETONC,Total employment,PERSA,2008-Q2,Q2-2008,1431.7
LTU,Lithuania,ETONC,Total employment,PERSA,2008-Q3,Q3-2008,1431.3
LTU,Lithuania,ETONC,Total employment,PERSA,2008-Q4,Q4-2008,1413
LTU,Lithuania,ETONC,Total employment,PERSA,2009-Q1,Q1-2009,1352
LTU,Lithuania,ETONC,Total employment,PERSA,2009-Q2,Q2-2009,1320.1
LTU,Lithuania,ETONC,Total employment,PERSA,2009-Q3,Q3-2009,1314.7
LTU,Lithuania,ETONC,Total employment,PERSA,2009-Q4,Q4-2009,1286.8
LTU,Lithuania,ETONC,Total employment,PERSA,2010-Q1,Q1-2010,1241.5
LTU,Lithuania,ETONC,Total employment,PERSA,2010-Q2,Q2-2010,1229.3
LTU,Lithuania,ETONC,Total employment,PERSA,2010-Q3,Q3-2010,1246.7
LTU,Lithuania,ETONC,Total employment,PERSA,2010-Q4,Q4-2010,1273.9
LTU,Lithuania,ETONC,Total employment,PERSA,2011-Q1,Q1-2011,1251.2
LTU,Lithuania,ETONC,Total employment,PERSA,2011-Q2,Q2-2011,1260.3
LTU,Lithuania,ETONC,Total employment,PERSA,2011-Q3,Q3-2011,1246.4
LTU,Lithuania,ETONC,Total employment,PERSA,2011-Q4,Q4-2011,1256.8
LTU,Lithuania,ETONC,Total employment,PERSA,2012-Q1,Q1-2012,1268
LTU,Lithuania,ETONC,Total employment,PERSA,2012-Q2,Q2-2012,1282
LTU,Lithuania,ETONC,Total employment,PERSA,2012-Q3,Q3-2012,1284.4
LTU,Lithuania,ETONC,Total employment,PERSA,2012-Q4,Q4-2012,1268.7
LTU,Lithuania,ETONC,Total employment,PERSA,2013-Q1,Q1-2013,1284.5
LTU,Lithuania,ETONC,Total employment,PERSA,2013-Q2,Q2-2013,1295
LTU,Lithuania,ETONC,Total employment,PERSA,2013-Q3,Q3-2013,1295.2
LTU,Lithuania,ETONC,Total employment,PERSA,2013-Q4,Q4-2013,1298.4
LTU,Lithuania,ETONC,Total employment,PERSA,2014-Q1,Q1-2014,1311.7
LTU,Lithuania,ETONC,Total employment,PERSA,2014-Q2,Q2-2014,1307
LTU,Lithuania,ETONC,Total employment,PERSA,2014-Q3,Q3-2014,1336.5
LTU,Lithuania,ETONC,Total employment,PERSA,2014-Q4,Q4-2014,1322.3
LTU,Lithuania,ETONC,Total employment,PERSA,2015-Q1,Q1-2015,1333.4
LTU,Lithuania,ETONC,Total employment,PERSA,2015-Q2,Q2-2015,1333.9
LTU,Lithuania,ETONC,Total employment,PERSA,2015-Q3,Q3-2015,1335.9
LTU,Lithuania,ETONC,Total employment,PERSA,2015-Q4,Q4-2015,1341.1
LTU,Lithuania,ETONC,Total employment,PERSA,2016-Q1,Q1-2016,1367.9
LTU,Lithuania,ETONC,Total employment,PERSA,2016-Q2,Q2-2016,1367.5
LTU,Lithuania,ETONC,Total employment,PERSA,2016-Q3,Q3-2016,1357.9
LTU,Lithuania,ETONC,Total employment,PERSA,2016-Q4,Q4-2016,1360.6
LTU,Lithuania,ETONC,Total employment,PERSA,2017-Q1,Q1-2017,1360.9
LTU,Lithuania,ETONC,Total employment,PERSA,2017-Q2,Q2-2017,1363
LTU,Lithuania,ETONC,Total employment,PERSA,2017-Q3,Q3-2017,1350.3
LTU,Lithuania,ETONC,Total employment,PERSA,2017-Q4,Q4-2017,1356.4
LTU,Lithuania,ETONC,Total employment,PERSA,2018-Q1,Q1-2018,1362.5
LTU,Lithuania,ETONC,Total employment,PERSA,2018-Q2,Q2-2018,1372.3
LTU,Lithuania,ETONC,Total employment,PERSA,2018-Q3,Q3-2018,1395.6
LTU,Lithuania,ETONC,Total employment,PERSA,2018-Q4,Q4-2018,1381.8
LTU,Lithuania,ETONC,Total employment,PERSA,2019-Q1,Q1-2019,1385.8
LTU,Lithuania,ETONC,Total employment,PERSA,2019-Q2,Q2-2019,1388.9
LTU,Lithuania,ETONC,Total employment,PERSA,2019-Q3,Q3-2019,1377.1
LTU,Lithuania,ETONC,Total employment,PERSA,2019-Q4,Q4-2019,1380.4
GRC,Greece,ETONC,Total employment,PERSA,2000-Q1,Q1-2000,4286.3
GRC,Greece,ETONC,Total employment,PERSA,2000-Q2,Q2-2000,4306.1
GRC,Greece,ETONC,Total employment,PERSA,2000-Q3,Q3-2000,4320.7
GRC,Greece,ETONC,Total employment,PERSA,2000-Q4,Q4-2000,4338.7
GRC,Greece,ETONC,Total employment,PERSA,2001-Q1,Q1-2001,4359.5
GRC,Greece,ETONC,Total employment,PERSA,2001-Q2,Q2-2001,4324.7
GRC,Greece,ETONC,Total employment,PERSA,2001-Q3,Q3-2001,4326
GRC,Greece,ETONC,Total employment,PERSA,2001-Q4,Q4-2001,4304.4
GRC,Greece,ETONC,Total employment,PERSA,2002-Q1,Q1-2002,4363.4
GRC,Greece,ETONC,Total employment,PERSA,2002-Q2,Q2-2002,4427.4
GRC,Greece,ETONC,Total employment,PERSA,2002-Q3,Q3-2002,4453.3
GRC,Greece,ETONC,Total employment,PERSA,2002-Q4,Q4-2002,4493.5
GRC,Greece,ETONC,Total employment,PERSA,2003-Q1,Q1-2003,4475.5
GRC,Greece,ETONC,Total employment,PERSA,2003-Q2,Q2-2003,4483.6
GRC,Greece,ETONC,Total employment,PERSA,2003-Q3,Q3-2003,4501.9
GRC,Greece,ETONC,Total employment,PERSA,2003-Q4,Q4-2003,4523.7
GRC,Greece,ETONC,Total employment,PERSA,2004-Q1,Q1-2004,4571.5
GRC,Greece,ETONC,Total employment,PERSA,2004-Q2,Q2-2004,4597.1
GRC,Greece,ETONC,Total employment,PERSA,2004-Q3,Q3-2004,4606.8
GRC,Greece,ETONC,Total employment,PERSA,2004-Q4,Q4-2004,4642.3
GRC,Greece,ETONC,Total employment,PERSA,2005-Q1,Q1-2005,4618.8
GRC,Greece,ETONC,Total employment,PERSA,2005-Q2,Q2-2005,4637.9
GRC,Greece,ETONC,Total employment,PERSA,2005-Q3,Q3-2005,4639.4
GRC,Greece,ETONC,Total employment,PERSA,2005-Q4,Q4-2005,4694.2
GRC,Greece,ETONC,Total employment,PERSA,2006-Q1,Q1-2006,4709.6
GRC,Greece,ETONC,Total employment,PERSA,2006-Q2,Q2-2006,4712.3
GRC,Greece,ETONC,Total employment,PERSA,2006-Q3,Q3-2006,4751.1
GRC,Greece,ETONC,Total employment,PERSA,2006-Q4,Q4-2006,4753.2
GRC,Greece,ETONC,Total employment,PERSA,2007-Q1,Q1-2007,4762.9
GRC,Greece,ETONC,Total employment,PERSA,2007-Q2,Q2-2007,4782.8
GRC,Greece,ETONC,Total employment,PERSA,2007-Q3,Q3-2007,4800.9
GRC,Greece,ETONC,Total employment,PERSA,2007-Q4,Q4-2007,4833.5
GRC,Greece,ETONC,Total employment,PERSA,2008-Q1,Q1-2008,4834.5
GRC,Greece,ETONC,Total employment,PERSA,2008-Q2,Q2-2008,4863.2
GRC,Greece,ETONC,Total employment,PERSA,2008-Q3,Q3-2008,4858.1
GRC,Greece,ETONC,Total employment,PERSA,2008-Q4,Q4-2008,4869.8
GRC,Greece,ETONC,Total employment,PERSA,2009-Q1,Q1-2009,4853.5
GRC,Greece,ETONC,Total employment,PERSA,2009-Q2,Q2-2009,4839.7
GRC,Greece,ETONC,Total employment,PERSA,2009-Q3,Q3-2009,4824.4
GRC,Greece,ETONC,Total employment,PERSA,2009-Q4,Q4-2009,4798.4
GRC,Greece,ETONC,Total employment,PERSA,2010-Q1,Q1-2010,4744.9
GRC,Greece,ETONC,Total employment,PERSA,2010-Q2,Q2-2010,4702.7
GRC,Greece,ETONC,Total employment,PERSA,2010-Q3,Q3-2010,4680
GRC,Greece,ETONC,Total employment,PERSA,2010-Q4,Q4-2010,4655.9
GRC,Greece,ETONC,Total employment,PERSA,2011-Q1,Q1-2011,4578.8
GRC,Greece,ETONC,Total employment,PERSA,2011-Q2,Q2-2011,4537.1
GRC,Greece,ETONC,Total employment,PERSA,2011-Q3,Q3-2011,4465.4
GRC,Greece,ETONC,Total employment,PERSA,2011-Q4,Q4-2011,4387.8
GRC,Greece,ETONC,Total employment,PERSA,2012-Q1,Q1-2012,4400.8
GRC,Greece,ETONC,Total employment,PERSA,2012-Q2,Q2-2012,4317.7
GRC,Greece,ETONC,Total employment,PERSA,2012-Q3,Q3-2012,4265.8
GRC,Greece,ETONC,Total employment,PERSA,2012-Q4,Q4-2012,4264.2
GRC,Greece,ETONC,Total employment,PERSA,2013-Q1,Q1-2013,4249.7
GRC,Greece,ETONC,Total employment,PERSA,2013-Q2,Q2-2013,4256.7
GRC,Greece,ETONC,Total employment,PERSA,2013-Q3,Q3-2013,4295.2
GRC,Greece,ETONC,Total employment,PERSA,2013-Q4,Q4-2013,4348.6
GRC,Greece,ETONC,Total employment,PERSA,2014-Q1,Q1-2014,4371.8
GRC,Greece,ETONC,Total employment,PERSA,2014-Q2,Q2-2014,4425.4
GRC,Greece,ETONC,Total employment,PERSA,2014-Q3,Q3-2014,4478.3
GRC,Greece,ETONC,Total employment,PERSA,2014-Q4,Q4-2014,4486.3
GRC,Greece,ETONC,Total employment,PERSA,2015-Q1,Q1-2015,4268.3
GRC,Greece,ETONC,Total employment,PERSA,2015-Q2,Q2-2015,4273.2
GRC,Greece,ETONC,Total employment,PERSA,2015-Q3,Q3-2015,4273.4
GRC,Greece,ETONC,Total employment,PERSA,2015-Q4,Q4-2015,4350.3
GRC,Greece,ETONC,Total employment,PERSA,2016-Q1,Q1-2016,4404.9
GRC,Greece,ETONC,Total employment,PERSA,2016-Q2,Q2-2016,4439.3
GRC,Greece,ETONC,Total employment,PERSA,2016-Q3,Q3-2016,4469.9
GRC,Greece,ETONC,Total employment,PERSA,2016-Q4,Q4-2016,4437.5
GRC,Greece,ETONC,Total employment,PERSA,2017-Q1,Q1-2017,4403.6
GRC,Greece,ETONC,Total employment,PERSA,2017-Q2,Q2-2017,4395.6
GRC,Greece,ETONC,Total employment,PERSA,2017-Q3,Q3-2017,4409
GRC,Greece,ETONC,Total employment,PERSA,2017-Q4,Q4-2017,4449
GRC,Greece,ETONC,Total employment,PERSA,2018-Q1,Q1-2018,4532.7
GRC,Greece,ETONC,Total employment,PERSA,2018-Q2,Q2-2018,4598.8
GRC,Greece,ETONC,Total employment,PERSA,2018-Q3,Q3-2018,4641.7
GRC,Greece,ETONC,Total employment,PERSA,2018-Q4,Q4-2018,4672.9
GRC,Greece,ETONC,Total employment,PERSA,2019-Q1,Q1-2019,4722.2
GRC,Greece,ETONC,Total employment,PERSA,2019-Q2,Q2-2019,4728.8
GRC,Greece,ETONC,Total employment,PERSA,2019-Q3,Q3-2019,4702.5
GRC,Greece,ETONC,Total employment,PERSA,2019-Q4,Q4-2019,4695.7
